,ID,upvote_ratio
0,1gupc3,0.5
1,1sur9h,0.5
2,25d076,0.56
3,273rf6,0.55
4,2aygyw,0.5
5,2ovz66,0.44
6,2qdbey,0.46
7,2wayx1,0.46
8,2y85cs,0.55
9,376wtk,0.48
10,3g056e,0.5
11,3h2q14,0.53
12,3lj0t1,0.5
13,3nk5up,0.55
14,3x8o0g,0.44
15,3z2u4i,0.49
16,405gux,0.48
17,4102nc,0.46
18,42vmp6,0.6
19,45e9gn,0.46
20,45gf28,0.5
21,46fgmz,0.5
22,4706iq,0.47
23,47ovqh,0.5
24,481a6q,0.53
25,493473,0.55
26,495tqv,0.54
27,49v0qw,0.5
28,4aegtk,0.56
29,4dn14q,0.54
30,4g72eu,0.44
31,4hf5q2,0.47
32,4ia298,0.42
33,4k1kft,0.47
34,4kcziy,0.53
35,4l5i2q,0.53
36,4s9nlx,0.52
37,54pp4c,0.5
38,55n8e4,0.52
39,58xjz5,0.5
40,59xz2t,0.54
41,5a6xga,0.48
42,5arklt,0.47
43,5cqhjm,0.55
44,5f0oxz,0.5
45,5j59bn,0.47
46,5j6n7e,0.48
47,5ncuzo,0.5
48,5qsguu,0.45
49,61kst9,0.5
50,62e5n3,0.5
51,66g5ug,0.5
52,6cr8lq,0.53
53,6ph5e9,0.58
54,6r2qtx,0.56
55,6r7d31,0.48
56,6tsg0c,0.52
57,6wpgta,0.61
58,6wwr32,0.59
59,6x8oag,0.46
60,71qojk,0.47
61,72qfcq,0.52
62,73sazo,0.54
63,78u1p8,0.5
64,7a3njm,0.57
65,7b3dhp,0.52
66,7c14wb,0.47
67,7jhgqm,0.6
68,7k7um6,0.53
69,7kcnwo,0.5
70,7kkaaq,0.47
71,7mpf8r,0.96
72,7ntjdt,0.53
73,7o0trg,0.48
74,7p7057,0.5
75,7q08qq,0.48
76,7qmbwr,0.99
77,7t3zbh,0.44
78,7tpcni,0.56
79,7wcczc,0.57
80,7wvslq,0.5
81,7xol04,0.52
82,7zsmt5,0.53
83,81rpr1,0.55
84,83duc7,0.5
85,86rl9e,0.5
86,8dxln3,0.42
87,8e3omz,0.54
88,8g6gkw,0.55
89,8ges74,0.44
90,8kkfa2,0.61
91,8l3m9i,0.47
92,8l8ouv,0.6
93,8m76l7,0.97
94,8nqzvh,0.5
95,8oajlh,0.56
96,8pm495,0.47
97,8tffz7,0.5
98,8tttad,1.0
99,8ukqwl,0.5
100,8xv672,0.54
101,8y9vbt,0.57
102,8yky13,0.97
103,8zl1ek,0.48
104,90de6g,0.5
105,90hxpe,0.55
106,90iq30,0.53
107,93q7aw,0.48
108,93qy4i,0.51
109,943ofa,0.5
110,9676o2,0.59
111,980ypw,0.53
112,982hc0,0.48
113,98cpce,0.47
114,98tith,0.5
115,994yfd,0.54
116,99zbgm,0.56
117,9advs2,0.5
118,9d31qb,0.46
119,9e079l,0.56
120,9hib05,0.5
121,9je7xj,0.5
122,9lt7ht,0.44
123,9myxya,0.5
124,9o1m05,0.99
125,9okz7m,0.99
126,9pgnnp,0.47
127,9sl9wm,0.5
128,9tc6na,0.97
129,9tns1z,0.54
130,9vf00h,0.46
131,9x7npc,0.57
132,9xvx5w,0.49
133,9zqifh,0.98
134,a2eh46,0.5
135,a6o0s5,0.98
136,a6yyva,0.46
137,a9cawy,0.55
138,abbp5s,0.99
139,abigzk,0.98
140,abrq2d,0.96
141,ad8cey,0.53
142,agerlv,0.58
143,ahyar4,0.98
144,aix3da,0.55
145,akp5al,0.5
146,akqs4b,0.47
147,aod5wa,0.97
148,ap22d2,0.98
149,aprbdo,0.53
150,arjo4l,0.58
151,as7v4n,0.5
152,asmkzs,0.5
153,asx1qv,0.99
154,avn0fo,0.98
155,aws2hj,0.47
156,axvcxw,0.98
157,azfvc1,0.99
158,b05i5g,0.98
159,b0z5i5,0.98
160,b1h90g,0.43
161,b30rie,0.47
162,b3zn7n,0.97
163,b47cdg,0.98
164,b65sjt,0.99
165,b6fshc,0.5
166,b8ln2n,0.5
167,b99fk3,0.56
168,b9exhf,0.98
169,baxnfl,0.59
170,bb7o1i,0.53
171,bbgznb,0.5
172,bbjndn,0.99
173,bbsq88,0.52
174,bbxlog,0.56
175,bcykk1,0.98
176,bd0pcq,0.53
177,bdxs63,0.5
178,beoe0w,0.48
179,bfq8lc,0.53
180,bimj9d,0.55
181,bj1qea,0.48
182,bjewmb,0.52
183,bl9voy,0.43
184,bmj39o,0.54
185,bogs57,0.5
186,bph3fc,0.98
187,bpnc9p,0.53
188,brq04k,0.96
189,bs0qq7,0.97
190,bshk3n,0.99
191,bv60jn,0.97
192,bx0sce,0.98
193,by9mso,0.57
194,c0znmc,0.56
195,c14l33,0.48
196,c1c5o8,0.5
197,c2ldx7,0.95
198,c2vcjh,0.98
199,c3bsvq,0.99
200,c3zebd,0.9
201,c5cjn4,0.53
202,c6o945,0.97
203,c7aukn,0.98
204,c86phg,0.98
205,c8de6m,0.5
206,c8osyi,0.53
207,c9u2nx,0.5
208,cen9qm,0.99
209,cfhshe,0.96
210,cfz7i0,0.97
211,cg2lo2,0.98
212,cg8pzh,0.55
213,cgdmx0,0.97
214,cl1b4j,0.99
215,clzn04,0.99
216,cmckcc,0.96
217,cmnk54,0.46
218,cmpawn,0.98
219,cms7vv,0.54
220,cotb0q,0.97
221,cq5kni,0.55
222,cq6963,0.97
223,cstvor,0.53
224,cua1aq,0.94
225,cuwtp3,0.5
226,cvonj3,0.97
227,cwo1ja,0.43
228,cxjtpg,0.5
229,cypkei,0.99
230,cz5c4y,0.99
231,cz8ci1,0.55
232,czhnk9,0.93
233,d0621w,0.46
234,d0e3j5,0.96
235,d1o60k,0.98
236,d1ujgf,0.47
237,d24o5l,0.97
238,d2xm62,0.43
239,d4j94f,0.97
240,d4vaig,0.47
241,d5r88k,0.55
242,d5ya1b,0.53
243,d60x36,0.99
244,d76shn,0.99
245,d7pc90,0.98
246,d92m9g,0.99
247,daeptv,0.57
248,dax2k7,0.97
249,db9n7h,0.97
250,dbqt12,0.46
251,dcdz5z,0.46
252,dds3c3,0.5
253,de494b,0.96
254,degagg,0.97
255,deh4s9,0.52
256,dewmrd,0.97
257,dgjfnb,0.94
258,dgwykz,0.96
259,dhs8vf,0.59
260,djtrl0,0.54
261,dngiz3,0.5
262,dnitxs,0.96
263,dnsjof,0.96
264,dryou8,0.5
265,drzz1g,0.99
266,dsby5b,0.98
267,dunzgf,0.48
268,dvaaie,0.97
269,dvrvhq,0.97
270,dwqmxl,0.5
271,dx358o,0.98
272,dx4rwl,0.56
273,dz4vum,0.5
274,e000yb,0.52
275,e0xj2j,0.99
276,e20p5w,0.95
277,e2cg38,0.98
278,e2icve,0.97
279,e3hmc0,0.96
280,e5fo6o,0.56
281,e5hm48,0.98
282,e760rw,0.54
283,e8bog8,1.0
284,e8p3od,0.98
285,e9fqmx,0.5
286,eaf0py,0.96
287,eah2uu,0.5
288,ebfv8o,0.98
289,ebsjqr,0.94
290,ecbbyr,0.59
291,ecdjo0,0.54
292,ecvngp,0.98
293,eez8ya,0.97
294,efrjon,0.53
295,efsa3e,0.99
296,efuvfc,0.49
297,efxcx8,0.98
298,eg9y0a,0.96
299,ega7wt,0.5
300,egnso3,0.42
301,eh3400,0.49
302,ehzxts,0.47
303,ei477h,0.99
304,eifia2,0.57
305,eivduc,0.52
306,eivlif,0.98
307,ejgrdf,0.47
308,ekbxpp,0.5
309,ekq81d,0.98
310,el9uu4,0.98
311,eloyz5,0.96
312,elyatn,0.97
313,emnemu,0.54
314,emuchw,0.46
315,emuikb,0.98
316,en37w8,0.98
317,enaap3,0.99
318,enfu6l,0.99
319,enkp27,0.98
320,enwd8o,0.99
321,eoiz3a,0.96
322,eoyc74,0.98
323,eq7ctw,1.0
324,es7xvp,0.53
325,es81zv,0.54
326,esoh2i,0.97
327,et9j3v,0.99
328,etbev8,0.56
329,etsmpr,0.45
330,eu3181,0.97
331,euo7rn,0.54
332,evajss,0.5
333,evhvii,0.96
334,ew43g7,0.58
335,ewm71j,0.5
336,ex4yjq,0.58
337,ey1itg,0.99
338,eynat4,0.56
339,f1m3se,0.97
340,f2xbk0,0.98
341,f38mwk,0.98
342,f3g85o,0.53
343,f3oj68,0.99
344,f4p1gw,0.98
345,f59vh3,0.52
346,f63gx0,0.53
347,f69fzv,0.5
348,f6wtuk,0.53
349,f7fdvj,0.53
350,f8ehea,0.47
351,f9pk7t,0.46
352,f9toz1,0.98
353,fa7x2b,0.96
354,fagqe9,0.45
355,fass6d,0.5
356,fba0fn,0.97
357,fc997a,0.99
358,fdub6c,1.0
359,ffq83t,0.5
360,ffr5ef,0.98
361,fgc6kk,0.54
362,fgf61l,0.52
363,fhba89,0.98
364,fhi34j,0.98
365,fhvppn,0.95
366,fhxt5r,0.98
367,fid7jz,0.97
368,firypj,0.98
369,fj10mr,0.96
370,fjhv04,0.93
371,fjrli2,0.97
372,fkgj30,0.59
373,fkkq98,0.66
374,fl59aj,0.98
375,fldbin,0.97
376,flr1oz,0.96
377,fmhcc5,0.98
378,fmyn34,0.98
379,fnoduw,0.99
380,fo43ak,0.98
381,fold5q,0.98
382,fom2de,0.99
383,fpgdcf,0.98
384,fpid1t,0.98
385,fprjq7,0.5
386,fprttm,0.99
387,fq22pm,0.98
388,fr0bwu,0.98
389,frrgiz,0.98
390,frty75,0.48
391,fsd5t1,0.99
392,fshpsx,0.95
393,ftgqu2,0.98
394,fu3xzp,0.97
395,fujdw2,0.94
396,fuxrd2,0.5
397,fuz4bw,0.98
398,fvu4ua,0.98
399,fw010a,0.98
400,fxe6ks,0.51
401,fxvsen,0.97
402,fyjelk,0.98
403,fyw1x0,0.5
404,fz0s6m,0.93
405,g013gx,0.97
406,g046t0,0.46
407,g0djhx,0.5
408,g0fkib,0.99
409,g0qm00,0.53
410,g0tg91,0.5
411,g0zzep,0.99
412,g1j7iy,0.57
413,g2cprr,0.47
414,g3my3q,0.52
415,g3raav,0.96
416,g456wo,0.5
417,g4smlu,0.93
418,g5c0vt,0.56
419,g5f028,0.5
420,g5qyyc,0.97
421,g5s3mq,0.53
422,g622el,0.56
423,g62s4t,0.97
424,g6heez,0.5
425,g7qhv8,0.53
426,g7qj16,0.99
427,g86g3p,0.43
428,g8iy1s,0.93
429,g8y962,0.99
430,g9jwfv,0.5
431,g9m36n,0.47
432,g9mr37,0.98
433,gagoxh,0.46
434,gagwyl,0.97
435,gaqwr8,0.95
436,gasd9v,0.5
437,gays86,0.97
438,gbl91s,0.92
439,gc9pjc,0.47
440,gcsxj5,0.46
441,gcyfct,1.0
442,gd22w4,0.47
443,gd6iej,0.48
444,gd89ay,0.96
445,gd8jav,0.5
446,gd9qm9,0.5
447,gde399,0.52
448,gduwbf,0.88
449,gdxyiu,0.94
450,gdz6v0,0.56
451,ge0iep,0.96
452,ge9fti,0.99
453,geabh9,0.52
454,gef1ik,0.92
455,gek84w,0.46
456,gektvv,0.99
457,gemlu1,0.95
458,gf2rqv,0.97
459,gfbwb5,0.53
460,gfnog5,0.5
461,gfpn53,1.0
462,gfwzwn,0.91
463,gg2inx,0.97
464,gghi06,0.98
465,ggk15c,0.52
466,ggmfw1,0.55
467,ggruf3,0.46
468,ggvqi3,0.96
469,gh44z0,0.97
470,gh78ar,1.0
471,gh7ldf,0.88
472,gh7vax,0.48
473,ghhl8q,0.71
474,ghit3d,0.5
475,ghm7e1,0.96
476,ghnvjc,0.96
477,ghx62s,1.0
478,gi7lsk,0.98
479,gi9inl,1.0
480,gia0ej,1.0
481,giatbb,1.0
482,gicf1h,0.99
483,gih60j,0.48
484,giwxgg,0.5
485,gj8b72,0.83
486,gjf0mf,0.91
487,gjfvzn,0.47
488,gjj0a4,0.48
489,gjj3pp,0.92
490,gjlfov,0.48
491,gjn5o8,0.8
492,gjqsrc,0.94
493,gjra2b,0.55
494,gjrohe,0.52
495,gjucvn,0.43
496,gjui6p,0.78
497,gk3173,1.0
498,gk7ht8,0.88
499,gkawhp,0.99
500,gkf5gq,1.0
501,gkh8hh,0.88
502,gkir1x,0.75
503,gkj57g,0.78
504,gkk36z,0.6
505,gkqjgn,0.85
506,gkrwwf,0.91
507,gkrx1y,0.6
508,gkuqxt,0.83
509,gkvjgz,0.94
510,gkyye8,0.78
511,gl0619,0.98
512,gl337y,0.75
513,glc8ab,0.51
514,glceto,0.86
515,gle14f,0.96
516,gleuh7,0.48
517,glf104,0.91
518,glf33n,0.94
519,gli2a9,0.9
520,glk53t,0.75
521,glrisa,0.73
522,glrmmc,1.0
523,gltmu9,0.75
524,glvy04,1.0
525,glw1c4,0.38
526,glx779,0.6
527,glxfu4,0.93
528,glxu5a,0.98
529,gm52vv,0.75
530,gm6mel,1.0
531,gm6smx,0.9
532,gm71jm,1.0
533,gmd7t8,0.97
534,gmgwq5,1.0
535,gmi968,0.84
536,gmj5j1,0.98
537,gmk46e,0.55
538,gmnf56,0.99
539,gmnq8r,0.5
540,gmpwnf,0.93
541,gms1rb,0.5
542,gmsghs,0.67
543,gmx33k,0.84
544,gn5inf,0.94
545,gnaig6,0.89
546,gnbo77,0.67
547,gnfw9p,0.95
548,gng4b5,0.94
549,gng8ct,0.54
550,gngyjj,0.95
551,gnh123,1.0
552,gnljs9,0.5
553,gnsbsd,1.0
554,gntds1,0.99
555,gnuhwc,1.0
556,gnw0a0,0.99
557,gnw0qz,0.98
558,gnz7yj,0.94
559,go2lx9,0.64
560,godf1l,0.99
561,gogoph,0.89
562,goinor,0.95
563,gomt6l,0.67
564,gon8it,0.5
565,goq4m4,0.91
566,gp0gjm,0.91
567,gp54u4,0.73
568,gp7c0x,0.95
569,gp886a,0.57
570,gpa1tk,0.96
571,gpg8jf,0.62
572,gpi8gn,0.96
573,gpih1s,0.55
574,gpj3xw,0.71
575,gpldm4,0.74
576,gpliup,0.89
577,gpmf0x,0.77
578,gpotdu,1.0
579,gpqgep,0.67
580,gpu0ru,0.93
581,gpv4ie,0.92
582,gpxm4n,0.91
583,gq5c2y,0.99
584,gq662m,0.67
585,gqhjqs,0.5
586,gqknj4,0.67
587,gqmgsl,0.5
588,gqsfn7,0.94
589,gqtoew,0.78
590,gr4q00,0.96
591,grgt7o,0.5
592,grgt91,0.75
593,grisw8,0.82
594,grju2y,0.52
595,grvwrp,0.78
596,gryh5l,0.71
597,grzi67,0.99
598,gs1uq9,0.57
599,gs2h0j,0.98
600,gs337i,0.7
601,gs78vq,0.6
602,gsfhf1,0.81
603,gsguwd,0.8
604,gsi5ay,0.93
605,gsl50z,0.87
606,gslr9i,0.88
607,gslunp,0.75
608,gsm22b,0.81
609,gsm2ul,0.6
610,gsncv2,0.96
611,gsnhgd,0.56
612,gsp8et,0.95
613,gspb5t,0.93
614,gspwaj,0.93
615,gssman,0.48
616,gst2u3,0.97
617,gsxhnu,0.81
618,gt0msw,0.75
619,gt2dv8,0.83
620,gt5jep,0.57
621,gt6bpb,0.84
622,gt8pu2,0.55
623,gtcwsz,0.7
624,gte178,0.73
625,gtfen0,0.99
626,gtsamv,0.67
627,gtw40l,0.57
628,guf3qw,0.86
629,guhtbf,0.96
630,guhycm,0.9
631,guko2i,0.75
632,gussco,0.85
633,gv4n7q,0.98
634,gv68tn,0.98
635,gvotvi,0.97
636,gvq26y,1.0
637,gvudnn,0.89
638,gvuryr,0.67
639,gw310r,1.0
640,gwb6nk,0.96
641,gwbnp2,0.96
642,gwc6id,1.0
643,gwcruf,0.94
644,gwd00c,0.42
645,gwejo9,1.0
646,gwffco,0.78
647,gwfh29,0.99
648,gwm9lb,1.0
649,gwo7tf,0.43
650,gwz2rb,0.97
651,gx295h,1.0
652,gx40mn,0.55
653,gxn69p,0.96
654,gxn8l0,0.83
655,gxsgzy,0.94
656,gxw81g,0.54
657,gxy7dk,0.6
658,gxyqax,0.5
659,gy1v14,0.87
660,gy2b6c,0.98
661,gy5lgu,0.67
662,gy6poi,0.67
663,gy84uz,0.63
664,gy9ods,0.97
665,gybryt,0.78
666,gye83e,0.88
667,gygcbd,0.82
668,gyn1cn,0.94
669,gysb8t,0.86
670,gyuweq,0.67
671,gyxlhe,0.9
672,gyy0js,0.57
673,gyyduu,0.75
674,gyznv4,0.5
675,gz0cl6,0.45
676,gz0g6w,0.67
677,gz146f,0.83
678,gz2ixu,0.42
679,gz2mbu,0.5
680,gz7ps7,0.48
681,gzdpmw,0.33
682,gzgv17,0.6
683,gzhg26,0.67
684,gzhukj,0.94
685,gzijma,0.73
686,gzk09m,0.86
687,gzkipu,0.75
688,gzl2ec,0.98
689,gzt3nk,0.47
690,gztu8g,0.83
691,h04km9,0.97
692,h07w81,0.95
693,h0d63y,0.67
694,h0fgdy,0.99
695,h0ge4l,0.63
696,h0s0em,0.83
697,h0swyp,0.88
698,h0twbb,0.83
699,h0ukuk,0.46
700,h0v8x8,1.0
701,h0vgkx,0.98
702,h0zzvs,0.8
703,h11fdn,0.67
704,h12n0j,0.88
705,h7avxf,0.96
706,h7e9at,0.96
707,h7huuk,0.95
708,h7i5y6,0.99
709,h7mt6d,0.6
710,h7qz7j,0.54
711,h7r5t0,0.93
712,h81rv8,0.64
713,h8323a,0.97
714,h84fnh,0.8
715,h8646f,0.93
716,h86o13,0.9
717,h88aq0,0.6
718,h8alke,0.57
719,h8fe3u,0.67
720,h8hn0g,0.67
721,h8mi5e,0.86
722,h8ncfv,0.97
723,h8o03y,0.98
724,h8rb37,0.96
725,h8vki8,0.99
726,h8yqij,0.36
727,h8z11r,0.87
728,h90lki,0.95
729,h90ysl,0.99
730,h96go0,0.5
731,h9ako9,0.98
732,h9cf8z,1.0
733,h9fdr8,1.0
734,h9fsaa,0.5
735,h9h6au,0.86
736,h9wfwt,0.98
737,ha0q80,0.67
738,ha1idd,1.0
739,ha9rns,0.97
740,haaqtw,0.5
741,haccii,0.8
742,hajpbj,0.93
743,halvck,0.59
744,ham9rh,0.98
745,haq36u,0.92
746,hasmnv,0.58
747,haveyf,0.88
748,haxdzm,0.98
749,hayrzx,0.75
750,hb8jzj,0.74
751,hb8lto,0.5
752,hbbqta,0.81
753,hbxy9a,0.95
754,hc1c0t,0.75
755,hc1uvq,0.92
756,hchn3e,0.6
757,hchq5o,0.83
758,hcjmzw,0.97
759,hck37k,0.5
760,hcmcfz,0.42
761,hcrpve,0.98
762,hd2ts5,1.0
763,hd6dlj,0.98
764,hd6vla,0.46
765,hd7wuy,0.98
766,hd916a,0.98
767,hdmvd5,0.98
768,hdn7ru,1.0
769,hdzxba,0.82
770,he8lih,0.82
771,he91yv,0.98
772,heaw24,0.33
773,heij9m,0.98
774,heuk3l,0.98
775,hevo2d,0.5
776,hezvfi,0.33
777,hf1pnd,0.5
778,hf3i3d,0.5
779,hf3lg7,1.0
780,hf7ccm,0.33
781,hffr5g,0.94
782,hfg2l0,0.52
783,hfg8a7,0.96
784,hfls78,0.63
785,hfnk0n,0.53
786,hg8r0i,0.45
787,hgjtej,1.0
788,hgmswv,0.75
789,hgq287,0.87
790,hgvsgy,0.29
791,hgyhcu,0.98
792,hgzswa,0.75
793,hh0grk,0.56
794,hh2q24,0.71
795,hh9isy,0.46
796,hhawow,0.98
797,hhbirl,1.0
798,hhc01g,0.6
799,hhfetc,0.47
800,hhfs56,0.93
801,hhqutf,0.99
802,hht05a,0.75
803,hhxidn,0.46
804,hhxxih,0.95
805,hi599z,0.98
806,hilp56,0.98
807,hipeu6,0.75
808,hiybll,0.76
809,hizjlx,0.86
810,hjv886,0.92
811,hk5g01,0.75
812,hk6dga,0.72
813,hkewk0,0.82
814,hkg0q7,0.92
815,hkm9dx,0.75
816,hkmqy8,0.53
817,hkx9ae,0.99
818,hl8ugk,0.91
819,hlj7ja,0.6
820,hljkl2,0.9
821,hljv08,0.5
822,hlk0c9,0.99
823,hlkgkr,1.0
824,hlkklk,0.52
825,hlmdxe,0.55
826,hm36nd,0.5
827,hm484y,0.85
828,hmouex,0.56
829,hmq2s4,0.71
830,hmt16q,0.99
831,hn1zgc,0.78
832,hn7zcy,0.98
833,hngf4r,0.57
834,hnj375,0.47
835,hnj6ez,0.97
836,hnli7i,0.5
837,hnp6fa,0.6
838,hnzgrq,0.93
839,ho0z3o,0.67
840,hoifix,0.57
841,hokvzn,0.99
842,hom9yd,0.97
843,homf53,0.96
844,hp1uvk,0.87
845,hp70e9,0.95
846,hp7yfr,0.97
847,hp9ij6,0.67
848,hphvxb,0.31
849,hpokty,0.97
850,hpx10w,0.87
851,hq2j1o,0.98
852,hq7jcg,0.53
853,hq9m3g,0.96
854,hqcbeo,0.95
855,hqg0i8,1.0
856,hqx4f8,0.93
857,hr22z0,0.56
858,hr3jpz,0.98
859,hr9cp9,0.6
860,hrhodl,0.96
861,hs5tle,0.91
862,hs81so,0.95
863,hsbx8y,0.92
864,hsk766,0.62
865,hspvs2,0.94
866,ht47kx,0.95
867,hteg70,0.9
868,hthdnx,0.98
869,htu6si,0.95
870,htzqd5,0.7
871,hu2tfv,0.22
872,hu631i,0.47
873,hu8lqf,0.9
874,hum89f,1.0
875,hup3a9,0.99
876,hur1av,0.86
877,hv5dry,0.98
878,hv760e,0.98
879,hv7io2,0.47
880,hvejro,0.53
881,hvpnip,0.97
882,hvtqkr,0.99
883,hw8x4a,0.46
884,hwaa1m,0.97
885,hwb8g1,0.98
886,hwc2t6,0.53
887,hwclzk,0.5
888,hwg4sn,0.72
889,hwgkus,0.98
890,hwj3y5,0.97
891,hwz5nn,0.97
892,hx8ijp,0.98
893,hxir9e,0.99
894,hxnuuo,0.5
895,hxqduk,0.59
896,hxrdm2,0.46
897,hye41y,0.77
898,hykrf0,0.87
899,hyozwi,0.75
900,hyscot,0.94
901,hyzjme,0.5
902,hyzqgp,0.67
903,hz7qsu,0.57
904,hz80gi,0.55
905,hzlaaz,0.39
906,hztugl,0.5
907,hzu0sq,0.81
908,hzv2v7,1.0
909,hzvg11,0.97
910,hzyc5y,0.99
911,i0647m,0.99
912,i0fdb3,0.75
913,i0gdqo,0.98
914,i0iedt,0.6
915,i0zds3,1.0
916,i14prf,0.99
917,i158n7,0.98
918,i1eg4z,0.57
919,i1p2b3,0.97
920,i1qs4j,0.5
921,i20q89,0.98
922,i20qg2,0.55
923,i2hx67,0.78
924,i2nwdr,0.98
925,i2nxim,0.92
926,i2t5pg,0.52
927,i2t86c,0.47
928,i2wgre,0.91
929,i2xdw1,0.85
930,i319za,0.7
931,i36e66,0.97
932,i3scyq,0.96
933,i42l47,0.98
934,i45loh,0.44
935,i4b7f1,0.99
936,i4egm6,0.52
937,i4po94,0.92
938,i4rg1m,1.0
939,i5ad4p,0.95
940,i5bf8d,0.94
941,i5e39g,0.67
942,i5fh8b,0.97
943,i5jb6u,0.46
944,i5sp36,0.5
945,i5tm0f,0.55
946,i5xocn,0.96
947,i60pe4,0.55
948,i6d3so,0.33
949,i6payc,0.98
950,i6v5cw,0.33
951,i70y6k,0.97
952,i7kthd,0.67
953,i7lsyt,0.87
954,i7na4v,0.75
955,i8qaxv,0.5
956,i8qwlz,0.57
957,i8y5y7,0.47
958,i915sj,0.43
959,i91jhg,0.91
960,i9gh9t,0.53
961,i9k2cs,0.53
962,i9l3g1,0.58
963,i9wle9,0.55
964,iafeaa,0.43
965,iamjfe,0.75
966,ianzjj,0.97
967,ib7l76,0.96
968,ibv3s5,0.98
969,ibyy2m,0.59
970,ibzbw5,0.47
971,ic33xw,1.0
972,iclv7j,0.54
973,icn6jz,0.99
974,ico4gb,0.94
975,icqhvf,0.91
976,id82du,0.97
977,idicf4,0.44
978,idpsq8,0.67
979,idrxyu,0.57
980,idv4ha,0.45
981,idvhn5,0.44
982,idwikx,0.99
983,ie7t9p,0.54
984,iejzhp,0.75
985,ierc4i,0.46
986,if10so,0.6
987,ifdmeb,0.99
988,ifquow,0.99
989,ifxfqv,0.67
990,ig4p6t,0.99
991,ig5a02,0.9
992,ig777k,0.56
993,igunem,0.55
994,igzoat,1.0
995,ih481n,0.96
996,ihll10,0.98
997,ihoggu,0.96
998,ihrjg7,0.91
999,ii2qx8,0.93
1000,iiow1y,0.97
1001,iiqsym,0.98
1002,iirk3t,0.52
1003,ij9sp6,0.33
1004,ijg0o9,0.67
1005,ijgax5,0.51
1006,ijjnhz,0.47
1007,ijspuw,0.92
1008,ijsyrk,0.98
1009,ijvfix,0.56
1010,ijx49b,0.94
1011,ik1cuo,1.0
1012,ik5fkg,0.6
1013,ikh6e8,0.96
1014,ikicm9,0.97
1015,iko4q2,0.58
1016,ikpbvz,0.71
1017,il282y,0.73
1018,il6tkq,0.98
1019,ilnmuz,0.91
1020,ilr0ej,1.0
1021,im1p87,0.99
1022,imb6ub,0.67
1023,ime6ta,0.98
1024,imx3bu,0.98
1025,imy75n,0.99
1026,imzq43,0.86
1027,in8vtl,0.33
1028,injt52,0.83
1029,inozjk,0.86
1030,inqy3z,0.55
1031,inv59h,0.99
1032,io25iu,0.75
1033,io5kt6,0.86
1034,ioc77v,0.99
1035,iovvgd,0.52
1036,ioymmq,0.62
1037,ipa326,0.87
1038,ipbbgo,0.67
1039,ipbenh,0.63
1040,ipf8m9,0.98
1041,ipwz3r,0.9
1042,ipy3hd,0.55
1043,iq1bdy,0.98
1044,iqlicv,0.6
1045,iqn4gm,0.97
1046,iqtjt1,0.98
1047,iqvd9q,0.86
1048,ir9ef1,0.97
1049,ir9uxu,0.53
1050,irs1fa,0.98
1051,irv5tg,0.83
1052,irxh1t,0.99
1053,iryqcf,0.62
1054,is3add,0.92
1055,is3o48,0.95
1056,isdpdg,0.67
1057,isfqxy,0.56
1058,isihin,0.99
1059,isp4cj,1.0
1060,it33bf,0.5
1061,itco1b,0.98
1062,itdg7f,0.45
1063,itf39o,0.98
1064,itfebw,0.52
1065,itp92w,0.98
1066,itqfiu,0.73
1067,itzh7u,0.6
1068,iuff1n,0.98
1069,iv1fp9,0.55
1070,iv73n1,0.99
1071,ivpd37,0.99
1072,ivrr02,0.99
1073,iw6w61,0.99
1074,iw964e,0.99
1075,iwunix,0.94
1076,iwyr2x,0.98
1077,ixdbdk,0.54
1078,ixg625,0.98
1079,iy8lb3,0.5
1080,iyrxjc,1.0
1081,izdmc9,0.5
1082,izekfx,0.67
1083,izmrvp,0.47
1084,j00vzl,0.83
1085,j03cq1,1.0
1086,j03qjk,0.8
1087,j0bztf,0.99
1088,j0khia,0.75
1089,j0nbsp,0.98
1090,j0w6ou,0.53
1091,j0zzpq,0.99
1092,j16qq8,0.92
1093,j16sm9,0.5
1094,j2ejr3,0.57
1095,j2m063,0.94
1096,j35ksz,0.98
1097,j3gotf,0.57
1098,j3ntpp,0.5
1099,j3oxfq,0.91
1100,j3rewh,0.47
1101,j4dkp5,0.98
1102,j4gv2d,0.81
1103,j4kcbo,0.91
1104,j4rhws,0.5
1105,j4y1ig,0.56
1106,j555i4,0.92
1107,j5gvtp,0.53
1108,j5hbpq,0.99
1109,j62yde,0.67
1110,j66ozb,0.5
1111,j6rfgx,0.99
1112,j87muy,0.99
1113,j8joi4,0.56
1114,j8onka,0.97
1115,j91n2d,0.94
1116,j973i4,0.97
1117,j9kuzr,0.73
1118,j9mnd8,0.94
1119,j9xnzk,0.48
1120,ja81ed,0.96
1121,jaxtsc,0.99
1122,jb4wsm,0.43
1123,jbswj0,0.5
1124,jc416t,0.97
1125,jctltw,0.54
1126,jcw8ti,0.53
1127,jd4kl0,0.54
1128,jd5m8n,1.0
1129,jdey31,0.98
1130,jdfojd,0.98
1131,jdp6n4,0.53
1132,je0oi6,0.75
1133,je1rsl,0.75
1134,je21e7,0.5
1135,jej531,0.99
1136,jeofmj,0.78
1137,jepftl,0.96
1138,jes3hq,0.6
1139,jettw6,0.7
1140,jfcbxz,0.88
1141,jffiw3,0.57
1142,jfr70l,0.99
1143,jfupod,0.45
1144,jfw01m,0.99
1145,jg1t6a,0.47
1146,jgize5,1.0
1147,jglhvk,0.55
1148,jgnix8,0.56
1149,jgojuj,0.64
1150,jgq6uh,0.44
1151,jgq7b1,0.47
1152,jh5hjq,0.99
1153,jh5uql,0.78
1154,jh6784,0.98
1155,jh76em,0.5
1156,jhbpej,0.38
1157,jhu9ti,0.46
1158,jhy6m7,0.95
1159,jigbnf,0.62
1160,jj838t,0.74
1161,jjjg7y,0.98
1162,jjkcyv,0.35
1163,jk53qb,0.5
1164,jk7ip2,0.5
1165,jk8mx3,0.97
1166,jkrfe2,0.46
1167,jkwju4,0.53
1168,jlfaj7,0.99
1169,jljuui,0.44
1170,jlw646,0.48
1171,jlxrlm,0.99
1172,jmhasu,0.97
1173,jmjqpq,0.5
1174,jml8kt,0.97
1175,jmln1y,0.97
1176,jn4vzw,0.33
1177,jnkpij,0.99
1178,jny37o,0.54
1179,jnyij8,0.47
1180,jodji4,0.93
1181,jokkb3,0.41
1182,jokusy,0.98
1183,jozq15,0.98
1184,jp6rjz,0.64
1185,jp7kj6,0.38
1186,jpnfm1,0.97
1187,jpv2js,0.5
1188,jq6dy0,0.89
1189,jqb6gj,0.99
1190,jqw1p8,0.25
1191,jr4yv3,0.98
1192,jrmmij,1.0
1193,jrmru7,0.64
1194,jrsqoz,0.98
1195,js3c7t,0.99
1196,js3z1d,0.99
1197,js8jrt,0.4
1198,js8m3k,0.29
1199,jsak3j,0.47
1200,jstnh1,0.75
1201,jtpq1q,1.0
1202,jtu4lp,0.95
1203,jtxdl9,0.99
1204,ju47m5,0.6
1205,juf8pu,0.5
1206,jujize,0.99
1207,jul2ju,0.67
1208,jv3dty,0.52
1209,jv6hft,0.5
1210,jvdy9d,0.84
1211,jvnc3s,0.53
1212,jvpdri,0.97
1213,jvyhcn,0.46
1214,jvymrc,0.6
1215,jw7j6j,0.98
1216,jwakj0,0.47
1217,jwd4fo,0.47
1218,jwi5ld,0.48
1219,jwy4mf,0.55
1220,jy424g,0.97
1221,jyrlx1,0.52
1222,jzy697,0.54
1223,jzzok6,0.36
1224,k0n46t,0.5
1225,k0uwh9,0.5
1226,k1c22k,0.58
1227,k1uirr,0.42
1228,k1vhro,0.98
1229,k2jrhn,0.99
1230,k36u9m,0.99
1231,k37769,0.48
1232,k38cz5,0.15
1233,k3o89x,0.5
1234,k3qjxx,0.99
1235,k41u36,0.98
1236,k44v08,1.0
1237,k4dbww,0.95
1238,k4fp6s,0.47
1239,k4i83j,0.56
1240,k4o139,0.5
1241,k4snii,0.5
1242,k501i7,0.94
1243,k54b2i,0.59
1244,k55xxk,0.99
1245,k5ru0x,0.96
1246,k5w1k5,0.47
1247,k5wal2,0.99
1248,k5z95e,0.5
1249,k6iba8,0.94
1250,k6mlkp,0.31
1251,k783oi,0.98
1252,k7dddf,0.99
1253,k7tjbd,0.99
1254,k8i72x,0.97
1255,k8m9zt,0.78
1256,k8tbbd,0.99
1257,k95wzw,0.93
1258,k97rx9,0.77
1259,k98vvj,0.44
1260,k9ll00,0.66
1261,k9nrmx,0.51
1262,k9om8t,0.99
1263,k9p6nn,1.0
1264,kab4ig,0.98
1265,kalg61,1.0
1266,kb2vmz,0.74
1267,kb5pqw,0.63
1268,kb97i2,0.47
1269,kbbq8e,0.98
1270,kbf07j,0.99
1271,kbnubj,0.5
1272,kbnwz4,0.9
1273,kbqoz3,0.88
1274,kbserx,0.54
1275,kc3w7k,0.75
1276,kc8s92,0.92
1277,kcr2rm,0.98
1278,kcsvnt,0.98
1279,kctwz9,0.5
1280,kcw0mk,0.82
1281,kczxpk,0.47
1282,kd1t5m,0.53
1283,kd2mr7,0.96
1284,kdaye0,0.96
1285,kdh7pz,0.33
1286,kdm632,0.77
1287,kdsh0u,0.38
1288,ke8wj6,0.99
1289,kevk0k,0.54
1290,kfd4i9,0.59
1291,kffxx8,0.95
1292,kfjaoe,0.5
1293,kfjvy7,0.97
1294,kfkpug,0.48
1295,kfsy68,1.0
1296,kfvijx,0.54
1297,kg0vo2,0.5
1298,kg6yu6,0.98
1299,kgcexl,0.64
1300,kgdrf4,0.73
1301,kgfntl,0.53
1302,kgglrc,0.54
1303,kgnl1e,0.96
1304,kgt9o8,0.9
1305,kgtrnk,0.98
1306,khhome,0.52
1307,khpwa4,0.47
1308,khzit1,0.99
1309,kilq8c,0.67
1310,kiusdv,0.42
1311,kj0xai,0.97
1312,kj12mf,0.5
1313,kj8ds9,0.71
1314,kjbj7p,0.97
1315,kjch2j,0.53
1316,kje4lr,0.57
1317,kjeoxc,0.54
1318,kjus2r,0.92
1319,kjyxc3,0.5
1320,kk2cok,0.91
1321,kkbz58,0.94
1322,kkzl8q,0.94
1323,kkzosn,0.5
1324,kl2461,0.5
1325,klp4ka,0.98
1326,kluut2,0.9
1327,klw6lt,0.5
1328,km5z8w,0.93
1329,km6p09,0.67
1330,kma5h8,1.0
1331,kmcy1q,0.47
1332,kmd15f,0.5
1333,kmk2k0,0.98
1334,kmygwe,0.83
1335,kmylr4,0.93
1336,kn152u,0.5
1337,knf394,0.99
1338,knmqdo,0.75
1339,knoomo,0.5
1340,knpp4x,0.89
1341,knqt33,0.99
1342,knr1t8,0.53
1343,ko4pqy,1.0
1344,ko7nmu,0.94
1345,kob629,0.98
1346,koc83v,0.9
1347,koxav1,0.53
1348,kp0l27,0.96
1349,kpa5xh,0.87
1350,kpel6h,0.99
1351,kphkp2,0.97
1352,kpjib8,0.5
1353,kq2bdc,0.85
1354,kq6dtu,0.92
1355,kq8rkx,0.99
1356,kqhs5q,0.98
1357,kqm4x7,0.48
1358,kque36,0.88
1359,kr0qa9,0.87
1360,kr6bhp,0.99
1361,krlory,0.92
1362,krw1ox,1.0
1363,ks5wh3,0.47
1364,ksvagr,1.0
1365,ksw07w,0.57
1366,ksx3rf,0.98
1367,kt4ul7,0.69
1368,kt53bz,0.99
1369,ktn1rh,0.9
1370,ktrcp5,0.69
1371,ktu91i,0.72
1372,ktvjce,1.0
1373,kua2db,0.93
1374,kufide,0.53
1375,kumft3,0.91
1376,kuzoj6,0.53
1377,kv16b1,0.54
1378,kv5e04,0.6
1379,kv9qo3,0.75
1380,kvfttz,0.7
1381,kvm2uu,0.96
1382,kvs1ql,0.67
1383,kvsoz1,0.88
1384,kw23ir,0.99
1385,kwam3u,0.9
1386,kwg02j,0.9
1387,kwh8y0,0.5
1388,kwiyts,0.33
1389,kwj04p,0.5
1390,kwmazo,0.67
1391,kx0q2s,0.77
1392,kx2402,0.99
1393,kx2dyt,0.46
1394,kx74h5,0.89
1395,kx75rx,0.5
1396,kxb2tb,1.0
1397,kxqsxx,0.92
1398,kxul8h,0.89
1399,ky3ojn,0.5
1400,kydskw,0.98
1401,kyjzjp,1.0
1402,kyklwh,0.99
1403,kyyuyl,0.98
1404,kz0j0g,0.5
1405,kz1luk,0.94
1406,kz1p2w,0.88
1407,kz42ls,0.5
1408,kz4urw,0.98
1409,kz6a7k,0.4
1410,kzn35n,0.45
1411,kzohh9,0.98
1412,kzqs4b,0.89
1413,kzw9e9,0.5
1414,kzwa4c,0.94
1415,kzwb7g,0.94
1416,kzwy8p,0.27
1417,l0jyzl,0.5
1418,l0k7r9,0.5
1419,l0lru0,0.61
1420,l0ltgm,0.5
1421,l0ou5s,0.5
1422,l13c0q,0.22
1423,l156wi,0.5
1424,l1bgnm,0.73
1425,l1e6y9,0.47
1426,l1kj5r,0.46
1427,l1qu7g,0.86
1428,l1y1tk,0.75
1429,l24s05,0.53
1430,l24yzk,0.98
1431,l2rq9m,0.99
1432,l2wv9x,0.98
1433,l35w3i,0.75
1434,l3cfa4,0.44
1435,l3dnhp,0.4
1436,l3fzaa,0.58
1437,l3gctg,0.5
1438,l3s2rl,0.97
1439,l3ynke,0.78
1440,l3zm2q,0.54
1441,l44if0,0.94
1442,l4gz0u,0.5
1443,l4it4r,0.98
1444,l4jgu2,0.5
1445,l4o30b,0.46
1446,l4oelm,0.77
1447,l4ofrw,0.57
1448,l507qd,0.5
1449,l5d6pk,0.96
1450,l5dgxn,1.0
1451,l5djl5,0.6
1452,l5hfoi,0.97
1453,l5i7f5,0.91
1454,l5x386,0.89
1455,l5xvw3,0.84
1456,l5z2fb,0.57
1457,l66m75,0.73
1458,l6f1yp,0.55
1459,l6w0dj,0.91
1460,l7m994,0.95
1461,l7vfc5,0.63
1462,l81jrg,0.98
1463,l87lu8,0.82
1464,l8dhyu,0.45
1465,l8e2m3,0.83
1466,l8gsl8,0.33
1467,l8ha9m,0.7
1468,l8i5cb,0.67
1469,l8lkwr,0.4
1470,l8mh7s,0.53
1471,l97ff3,0.76
1472,l99scu,0.97
1473,l9i94a,0.82
1474,la0mzj,0.79
1475,la2sbm,0.56
1476,la3dzj,0.6
1477,la42z4,0.96
1478,lab6s1,0.99
1479,lamup8,0.98
1480,lap159,0.56
1481,lapo2d,0.5
1482,larn3y,0.94
1483,lawv1q,0.5
1484,lb9mqo,0.6
1485,lbfxv6,0.95
1486,lbg10n,0.85
1487,lbhu1m,0.57
1488,lc0zyz,0.5
1489,lcds69,0.67
1490,lcg52z,0.84
1491,lciz36,0.97
1492,lcq5ar,0.55
1493,ld1meh,0.49
1494,ld22q1,0.92
1495,ld8muc,0.58
1496,ld9d5s,0.97
1497,ldtmvg,0.92
1498,lefj3g,0.47
1499,legbfz,1.0
1500,legz4u,0.95
1501,lehu56,0.9
1502,leo4fn,0.98
1503,lf60qq,0.5
1504,lf88jx,0.45
1505,lfbhwo,0.83
1506,lffeh6,0.98
1507,lfh5d4,0.5
1508,lflvl6,0.96
1509,lfuiz6,0.83
1510,lfvrr5,0.75
1511,lgaugx,0.47
1512,lgaxam,0.98
1513,lghlrp,0.96
1514,lgpvfs,0.89
1515,lgpzg5,0.53
1516,lgq8iy,0.67
1517,lgqxo6,0.67
1518,lgtdoe,0.98
1519,lgxf5u,0.99
1520,lh002k,0.82
1521,lhhe39,0.95
1522,lhpzsj,0.78
1523,li7ct3,0.95
1524,li7n4h,0.97
1525,libjpr,0.98
1526,liea78,0.84
1527,lilq7a,0.78
1528,liu9y8,0.96
1529,liuavl,0.9
1530,lizhov,0.88
1531,ljgqme,0.99
1532,ljluvk,0.98
1533,ljqt7l,0.65
1534,ljrcsh,0.98
1535,ljtowh,0.5
1536,ljw614,0.9
1537,lk86e6,0.94
1538,lkaupy,0.58
1539,lkk72g,0.86
1540,ll09xr,0.55
1541,ll0swb,1.0
1542,lli6tx,0.65
1543,lliyty,0.87
1544,llpssv,0.96
1545,lls0ev,0.5
1546,llt56y,0.78
1547,lmf1iq,0.94
1548,ln9dub,0.78
1549,lnaoqs,0.98
1550,lnbw1e,0.48
1551,lndygw,0.78
1552,lno729,1.0
1553,lo4ngx,0.5
1554,lo4xsd,0.86
1555,looqdk,0.57
1556,louqec,0.62
1557,low0op,1.0
1558,lox433,0.94
1559,lox5ie,0.38
1560,lp2qzi,0.42
1561,lp5wx1,0.56
1562,lph3eo,0.58
1563,lpr50k,0.84
1564,lq8ucr,0.54
1565,lqarpv,0.97
1566,lqepql,0.95
1567,lqfgax,0.74
1568,lqhvtk,0.53
1569,lqpax4,0.5
1570,lqwjd6,0.5
1571,lr4m26,0.67
1572,lr6sjb,0.47
1573,lraja2,0.42
1574,lrok0w,1.0
1575,lrzkrb,0.47
1576,lsurwm,0.99
1577,lsxisd,0.56
1578,ltdbyi,0.48
1579,ltjnjz,0.91
1580,ltlgsb,0.96
1581,ltn9el,0.99
1582,ltph5r,0.33
1583,lttb7x,1.0
1584,luaur0,0.5
1585,lublw7,0.93
1586,luf9z0,0.99
1587,lup4eu,0.72
1588,lv3vq3,0.85
1589,lv7s8q,0.5
1590,lvdx47,0.97
1591,lvu7a7,0.5
1592,lvy26s,0.96
1593,lw32g9,0.82
1594,lw5hul,0.5
1595,lwb43z,0.3
1596,lwln8v,0.94
1597,lxdeh2,1.0
1598,lxenbc,0.99
1599,lxiyi6,0.5
1600,lxma8s,0.59
1601,lyfax5,0.94
1602,lyfgcc,0.5
1603,lyk8r2,0.96
1604,lz139y,0.82
1605,lz4yv2,0.98
1606,lz7jq0,0.59
1607,lzoq1p,0.5
1608,lzp99i,0.45
1609,lzqxv8,0.55
1610,m088h8,0.94
1611,m0dofo,0.6
1612,m0efo7,0.93
1613,m0ews5,0.5
1614,m0h8j3,0.25
1615,m0jci1,0.75
1616,m0je17,0.7
1617,m172z4,0.5
1618,m199d1,0.99
1619,m1g6tn,0.63
1620,m1sm84,0.84
1621,m1tget,0.97
1622,m1us7h,0.33
1623,m1w804,0.94
1624,m1ybig,0.67
1625,m2844q,0.5
1626,m2hn5m,0.98
1627,m3ccjl,0.98
1628,m3iewh,0.49
1629,m3xbev,0.6
1630,m41s4k,0.46
1631,m47bqg,0.47
1632,m48tbp,0.53
1633,m4burc,0.97
1634,m4g85u,0.99
1635,m4ri3b,0.98
1636,m4scuq,0.88
1637,m4u0ku,0.98
1638,m5dku7,0.99
1639,m5enzy,0.52
1640,m5lj3i,1.0
1641,m6e2xq,0.23
1642,m6j0kb,0.55
1643,m7ljt4,0.75
1644,m7motn,0.72
1645,m7trrw,0.96
1646,m7xlaa,0.97
1647,m8btjy,0.92
1648,m90zun,0.6
1649,m916nd,0.9
1650,m95a8g,0.45
1651,m95gxl,0.5
1652,m9h2ib,0.5
1653,m9p27p,0.99
1654,m9sev1,0.35
1655,m9vkai,0.85
1656,m9vo6z,0.75
1657,ma190r,0.9
1658,mag1eg,0.94
1659,majahb,0.97
1660,makxdr,0.45
1661,manjor,0.97
1662,mas3at,0.36
1663,mb6pj5,0.54
1664,mb9a7g,0.99
1665,mb9spw,0.83
1666,mbdjh4,0.43
1667,mbymyv,0.97
1668,mc56jz,0.38
1669,mcawj1,0.5
1670,mcsme6,0.78
1671,mct747,0.89
1672,md3m83,0.47
1673,mdw1ni,0.62
1674,meaq0u,0.9
1675,mel6g0,0.69
1676,mew8cj,0.98
1677,mf1dpi,0.71
1678,mf7e76,0.9
1679,mfiokb,0.84
1680,mfjamr,0.97
1681,mfoemg,0.97
1682,mgbbbm,0.98
1683,mgdixd,0.89
1684,mgxeh9,0.75
1685,mgy27l,0.67
1686,mh4p6o,0.91
1687,mh4wap,0.47
1688,mhf117,0.95
1689,mhoz18,0.99
1690,mi04nk,1.0
1691,mjuts1,0.47
1692,mjvxf4,0.79
1693,mkg8vs,0.99
1694,mktgc0,1.0
1695,mkxegr,0.82
1696,mlbpg9,0.96
1697,mmmgj9,0.96
1698,mncckm,0.96
1699,mncfwd,0.79
1700,mo17t6,0.85
1701,mok0pf,0.81
1702,mol9dv,0.99
1703,moo9so,0.94
1704,mosn25,0.67
1705,motmht,1.0
1706,mp8erj,0.98
1707,mpbj73,0.98
1708,mpixs1,0.98
1709,mpkom2,1.0
1710,mpwd9t,0.65
1711,mq1aeo,0.9
1712,mq65yo,0.81
1713,mqri5m,0.86
1714,mquq69,0.99
1715,mr0nmx,0.54
1716,mrah1d,0.98
1717,mrwz0p,0.96
1718,mryvjx,0.57
1719,msrzs1,0.97
1720,msz1fr,0.91
1721,mt8bbb,0.96
1722,mthnqf,0.99
1723,mtvpj9,0.98
1724,mtxkqh,0.94
1725,mu0brq,0.91
1726,mup062,0.88
1727,mv2rx2,0.5
1728,mvcfa2,0.96
1729,mvggue,0.9
1730,mvio3t,1.0
1731,mvw748,0.91
1732,mvwux3,0.47
1733,mw5g95,0.98
1734,mwotrh,0.52
1735,mwu8bf,0.67
1736,mx3o5b,0.9
1737,mxdikv,0.98
1738,my549e,0.83
1739,my5gjc,0.99
1740,myqdsb,0.93
1741,myrtvk,0.5
1742,myvnua,0.89
1743,mzfhtd,0.98
1744,mzg5qi,0.88
1745,mzsja4,0.98
1746,mzu79v,1.0
1747,mzy78y,0.44
1748,n09kth,0.83
1749,n0by9v,0.7
1750,n0jac5,0.76
1751,n0syjp,0.7
1752,n14a5l,0.98
1753,n1lbyx,0.81
1754,n24k3q,0.9
1755,n2jgur,0.98
1756,n30tb1,0.98
1757,n31cr9,0.6
1758,n32w9g,0.78
1759,n38i2g,0.84
1760,n3amrx,0.5
1761,n3ez36,0.9
1762,n3nm1o,0.98
1763,n3ryjs,1.0
1764,n3x863,0.86
1765,n49eic,0.97
1766,n4ctsh,0.98
1767,n4gipj,0.57
1768,n4icau,0.6
1769,n4jxkn,0.86
1770,n4lalo,0.58
1771,n4lwy9,0.98
1772,n4nmk2,0.46
1773,n4qfzl,0.73
1774,n59pr3,0.98
1775,n60gzf,0.94
1776,n669x6,0.99
1777,n6kboj,0.96
1778,n6qmro,0.62
1779,n6tdab,0.93
1780,n73g6s,0.96
1781,n73l1z,0.87
1782,n7lt3t,0.99
1783,n7qwep,0.87
1784,n87g1z,0.92
1785,n8dpdw,0.77
1786,n96gzh,0.78
1787,n9typ6,0.65
1788,najn50,0.33
1789,navj3b,1.0
1790,naxa1i,0.97
1791,naxx7v,0.5
1792,nbap9z,0.23
1793,nbcjq6,1.0
1794,nbdqa1,0.75
1795,nbjv74,0.93
1796,nc1viz,0.79
1797,nc2zzh,0.97
1798,ncce88,0.87
1799,ncjxwr,1.0
1800,nczxrj,0.47
1801,nd92xn,0.53
1802,ne97du,0.52
1803,neiaa7,0.95
1804,nemr3i,0.69
1805,nemv7o,0.5
1806,nf10e5,0.94
1807,nf3mv3,0.97
1808,nf8oul,0.52
1809,nf9cxd,0.71
1810,nfo4k2,0.75
1811,nfxi91,0.96
1812,nfz242,0.86
1813,ngw7zt,0.85
1814,ngxrar,0.97
1815,nhogwl,0.88
1816,nhopx5,0.98
1817,nhwr3p,0.96
1818,nieoal,0.98
1819,nif58p,0.54
1820,nihivr,0.89
1821,nj36lx,0.98
1822,nj3jp9,0.93
1823,nj4oif,0.6
1824,nj6rk5,0.99
1825,njd0ai,0.5
1826,njof3l,0.67
1827,njs7tn,0.93
1828,njzsj5,0.99
1829,nkj81l,0.98
1830,nkkhu1,0.86
1831,nkvlwm,0.95
1832,nl98lk,0.86
1833,nla5cq,0.58
1834,nlatu6,0.87
1835,nlmzir,0.91
1836,nlpfva,0.5
1837,nlpvd7,0.82
1838,nm7nwf,0.67
1839,nmhnhu,0.91
1840,nmykh0,0.99
1841,nmzhqz,0.94
1842,nncmzj,0.94
1843,nnhqkx,0.96
1844,nnqc2h,1.0
1845,nnw7wb,0.92
1846,no830w,0.98
1847,nobawu,0.7
1848,noeums,0.5
1849,nox23j,0.95
1850,noy4tj,0.5
1851,np1kpm,0.98
1852,npq1jo,0.99
1853,npx0ia,0.91
1854,nqf0sg,0.97
1855,nqr3lx,0.99
1856,nr8bmx,0.5
1857,nr8zfp,0.97
1858,nr9mhv,0.75
1859,nra9te,0.98
1860,nrjae2,0.98
1861,ns22zh,0.99
1862,nsdnm5,0.77
1863,nsmqtx,0.95
1864,nt3ovm,0.96
1865,ntidit,0.94
1866,ntnpeh,0.58
1867,nu6dn0,0.97
1868,nv5z0p,0.95
1869,nv6tap,0.87
1870,nvcvun,0.48
1871,nwkpab,0.5
1872,nwls8v,0.62
1873,nwmyjk,0.6
1874,nwnz71,0.5
1875,nwom8m,0.99
1876,nwsh72,1.0
1877,nxbm1v,0.94
1878,nxe646,0.99
1879,nxeijw,0.51
1880,nxf4so,0.99
1881,nxm1uw,0.48
1882,nxode5,0.33
1883,nxygci,0.71
1884,ny0693,0.6
1885,ny3ac6,0.52
1886,ny5rex,0.96
1887,nythbo,0.67
1888,nz2u90,0.92
1889,nzfinj,0.17
1890,nziruv,0.98
1891,o0msep,0.54
1892,o0wq01,1.0
1893,o0zjrc,0.97
1894,o1rcgm,0.92
1895,o1rwwi,0.99
1896,o2lg92,0.84
1897,o2qqdg,0.75
1898,o2zx9s,0.97
1899,o3002c,0.85
1900,o3gf96,0.81
1901,o3mlxc,0.54
1902,o4ydi3,0.96
1903,o50nhi,0.2
1904,o5mwo3,0.47
1905,o5ohqh,0.99
1906,o696fo,0.97
1907,o6gspj,0.75
1908,o6gsrk,0.4
1909,o6gsvj,0.71
1910,o6m1fl,1.0
1911,o6xhjq,0.99
1912,o6y1oj,0.5
1913,o7gvnp,0.91
1914,o7osiw,0.98
1915,o7zeod,0.89
1916,o8bed7,0.73
1917,o8gky7,0.53
1918,o8ro1p,0.56
1919,o8x9yn,0.5
1920,o90t40,0.5
1921,o92lrd,0.47
1922,o9364l,0.47
1923,o9fb7x,0.83
1924,o9fgb1,1.0
1925,o9pdbf,0.56
1926,o9r9dj,0.6
1927,oa9ra2,0.97
1928,oabo1n,0.44
1929,oapa5r,0.98
1930,oapa98,1.0
1931,oapkwm,0.67
1932,oaq979,0.6
1933,oatcdk,0.5
1934,oaul89,1.0
1935,oavtio,0.99
1936,obkxz2,0.71
1937,oc8izd,0.98
1938,ocsi9e,0.95
1939,od9i19,0.9
1940,odg202,0.23
1941,odjic1,0.98
1942,oe292h,0.98
1943,oe2s3u,0.92
1944,oe4iut,0.99
1945,oe9pdz,0.92
1946,oer5fp,0.97
1947,oex6c8,0.54
1948,ofe3mz,0.98
1949,ofebvx,0.71
1950,offn24,0.4
1951,ofqgux,0.96
1952,og4if1,0.33
1953,og6jz3,0.91
1954,ogqglo,0.62
1955,ogqj4s,1.0
1956,ogqus0,0.95
1957,ogta3t,1.0
1958,ohdger,0.97
1959,ohg513,0.97
1960,oioq1n,0.55
1961,ojh9sw,0.91
1962,ojw2fa,0.5
1963,ojy3me,0.91
1964,ojy8xa,0.97
1965,ok8knp,0.99
1966,oktiau,0.95
1967,ol94nu,0.53
1968,ole8c1,1.0
1969,om0btu,0.46
1970,omcpg4,0.5
1971,ommlaf,1.0
1972,omnkgk,0.96
1973,ompwlr,0.99
1974,oncyp7,0.67
1975,onyvfv,1.0
1976,oocjbn,1.0
1977,ool53l,0.79
1978,oolwam,0.55
1979,oonf17,0.5
1980,opbx2n,0.46
1981,oplox6,0.97
1982,opydxz,0.53
1983,oq0vd9,0.53
1984,oqa02q,0.53
1985,oqb0hr,0.98
1986,oqes1k,0.8
1987,oqk08p,0.95
1988,oress8,0.94
1989,os4pi7,0.61
1990,otatgj,0.62
1991,otcdhf,0.52
1992,ottzp1,0.98
1993,oufvsw,0.97
1994,ouk84k,0.55
1995,ov343h,0.5
1996,ovb6j1,0.97
1997,ovk9yd,0.91
1998,ovmlbc,0.96
1999,ovocsf,0.84
2000,ow9g7g,0.75
2001,owalil,0.44
2002,owb8im,0.67
2003,owkl0o,0.84
2004,owlj5m,0.5
2005,owzin8,0.55
2006,ox9bph,0.99
2007,oxgps3,0.75
2008,oxm377,0.98
2009,oxqg8o,0.83
2010,oxr1tq,0.55
2011,oybfnp,0.54
2012,oyg42d,0.96
2013,oyniqp,0.97
2014,oyz42d,0.99
2015,oz3bca,0.71
2016,p0y8ic,0.98
2017,p1khhu,0.64
2018,p1m4nv,0.63
2019,p1m52q,0.97
2020,p1o5gn,0.87
2021,p1sgxy,0.98
2022,p291z8,0.42
2023,p2alrq,0.78
2024,p2yduj,0.94
2025,p2zssn,0.54
2026,p35lm0,0.93
2027,p3bh1n,0.93
2028,p3h5s7,0.55
2029,p3j58f,0.57
2030,p3ptvs,0.96
2031,p42m5j,0.57
2032,p44x9r,0.7
2033,p4gsd4,0.62
2034,p4q8qy,0.96
2035,p5czf1,0.63
2036,p5guks,0.98
2037,p5ibc7,1.0
2038,p5k3hd,0.44
2039,p5yxlu,0.79
2040,p5zrub,0.96
2041,p6l7vb,0.96
2042,p6n7in,0.96
2043,p84gsq,0.84
2044,p85dae,1.0
2045,p8cyde,0.52
2046,p8n1oo,0.67
2047,p97esf,0.96
2048,p97ww3,0.97
2049,p98lo7,1.0
2050,p9ujza,0.57
2051,p9wlc4,0.5
2052,p9zrfk,0.58
2053,p9zti0,0.89
2054,pa6pis,0.41
2055,paigm3,0.99
2056,papoio,0.5
2057,parhjf,0.5
2058,pb5snr,1.0
2059,pb5ywj,0.9
2060,pbgvs1,0.75
2061,pbpgd2,0.9
2062,pc3j5m,0.64
2063,pe2okk,0.89
2064,pe9qs5,0.61
2065,pf3x9k,0.54
2066,pf527y,0.67
2067,pfsd7s,1.0
2068,pgcl9d,0.96
2069,pgcsro,0.5
2070,pggyhb,0.61
2071,pgroom,0.97
2072,pgxjny,0.57
2073,ph4g4b,1.0
2074,ph7yuk,0.6
2075,pha35m,0.83
2076,phh2a3,0.56
2077,phoerf,0.96
2078,pib2nm,0.99
2079,pil9fq,0.81
2080,piwq8n,0.91
2081,pjhn4i,1.0
2082,pjju7x,0.61
2083,pkacgw,0.87
2084,pkdu2a,0.61
2085,pkgh7t,0.61
2086,pkrgqq,0.89
2087,pkrwl2,0.9
2088,pkt042,0.98
2089,pkt4vx,1.0
2090,pkxqla,0.53
2091,pmexx6,0.8
2092,pmlf9h,0.46
2093,pmp5l8,0.85
2094,pn9f2l,0.73
2095,pni4nf,0.95
2096,pnixhc,0.5
2097,pnk31i,0.46
2098,po0xfs,0.9
2099,po7pr1,0.56
2100,pom0en,0.93
2101,ponnyb,0.6
2102,popqx7,0.53
2103,potf14,0.47
2104,potwmq,1.0
2105,pp9v82,0.85
2106,pptw42,0.48
2107,pq80v6,0.5
2108,pqh6cm,0.57
2109,pqjuzo,0.53
2110,pqosow,0.53
2111,pqp9ar,0.55
2112,pqt8qz,0.6
2113,pqya73,0.45
2114,prfgzs,0.5
2115,prqcwx,0.91
2116,prvko4,0.99
2117,prxx4y,0.89
2118,pskqgl,0.52
2119,psplms,0.97
2120,pt394b,1.0
2121,ptbnmi,0.5
2122,pttkbd,0.88
2123,pu17lz,0.83
2124,pufoex,1.0
2125,pugbyz,0.56
2126,puq5g6,0.47
2127,pur9ib,0.99
2128,pv1nel,0.67
2129,pvjfqp,1.0
2130,pwekn6,0.98
2131,pwh1j1,0.5
2132,pwj1sw,1.0
2133,pwk4t6,0.92
2134,pxaeaz,0.98
2135,pxp1o6,0.98
2136,pxpqck,0.5
2137,pxr9l8,0.87
2138,pxtvtg,0.56
2139,py6y06,0.84
2140,pyn1td,0.91
2141,pyn4yk,0.8
2142,pyotxg,0.93
2143,pzsn01,0.97
2144,pztm63,0.95
2145,q18iyg,0.61
2146,q1dn5o,0.43
2147,q1s609,0.48
2148,q1smkx,0.89
2149,q1wb4q,0.45
2150,q22v7g,0.98
2151,q2oj15,0.44
2152,q335x8,0.95
2153,q3jh29,0.86
2154,q4dlfq,0.96
2155,q4fvfb,0.89
2156,q4ogb2,1.0
2157,q5cq36,0.56
2158,q5tb6c,1.0
2159,q6rr6j,0.53
2160,q74dvr,0.75
2161,q7ja6e,0.56
2162,q7t1hm,0.84
2163,q7tapn,0.98
2164,q8hw2o,0.95
2165,q9990b,0.98
2166,q9x0o2,0.86
2167,qa58ni,0.56
2168,qbi831,0.5
2169,qbto9a,0.6
2170,qcobgb,0.86
2171,qdbb0a,0.64
2172,qde1vd,0.83
2173,qdzg9t,0.5
2174,qe0v2t,1.0
2175,qearwx,0.5
2176,qesbw9,0.9
2177,qezdw8,0.52
2178,qfdswx,0.52
2179,qff300,0.43
2180,qfj69t,1.0
2181,qiyhx1,0.5
2182,qj43ac,0.53
2183,qji61d,0.99
2184,qjnbsj,1.0
2185,ql1ryv,0.98
2186,qmk2tn,0.94
2187,qn6be9,1.0
2188,qnigts,0.99
2189,qnp7bf,0.48
2190,qnvjo3,0.91
2191,qo2pwk,0.96
2192,qp83ec,0.43
2193,qpa0lx,1.0
2194,qpcu0p,0.96
2195,qpjn3h,0.53
2196,qq8t49,0.5
2197,qqy0om,0.53
2198,qr21lm,0.97
2199,qrtqu4,0.85
2200,qs89it,0.6
2201,qsb2l4,0.98
2202,qsvvps,1.0
2203,qsz7ky,0.47
2204,qt4wvu,0.93
2205,qtjepw,0.98
2206,qu9z0g,0.55
2207,qub987,0.52
2208,qugsxa,1.0
2209,qv2cvq,0.83
2210,qv375o,0.98
2211,qvdo0z,0.75
2212,qvqz6j,0.88
2213,qxogb8,0.92
2214,qxrqsc,0.5
2215,qy95zr,0.93
2216,qyc1yx,0.75
2217,qzuypw,0.67
2218,r00frv,0.47
2219,r0dt8w,0.75
2220,r13of4,0.99
2221,r19u9w,0.5
2222,r1aedx,0.56
2223,r2krh2,1.0
2224,r2q6c0,0.74
2225,r38z4m,0.98
2226,r3d41s,0.57
2227,r3iq7n,0.53
2228,r3oduj,0.89
2229,r4qjg4,0.97
2230,r53tyw,0.52
2231,r5gw5j,0.41
2232,r5ibzj,0.94
2233,r5vcp1,0.45
2234,r6dhmo,0.5
2235,r6hlgk,0.82
2236,r6uoyc,0.55
2237,r6vytd,0.97
2238,r73rwe,0.99
2239,r8idzq,0.98
2240,r9aimt,0.94
2241,ra0n1d,0.87
2242,ra1ubl,0.94
2243,ra4d28,0.9
2244,ra4htc,0.61
2245,ra8u2j,0.94
2246,rau7jd,0.96
2247,rauzlt,0.74
2248,raxgjy,0.53
2249,rb120w,0.53
2250,rb8ibs,0.53
2251,rblmjh,0.52
2252,rbnbjf,0.96
2253,rbzuhp,0.96
2254,rcez7w,0.98
2255,rchqvh,0.8
2256,rd7qzq,0.88
2257,rdeo1j,0.98
2258,rdgd3n,1.0
2259,rduwc0,0.7
2260,rei0us,0.92
2261,resc2b,0.5
2262,rf63b6,0.53
2263,rfata2,0.94
2264,rfdcmn,0.88
2265,rg0xsw,0.98
2266,rg7egj,0.59
2267,rggl6i,0.99
2268,rh6e1c,0.5
2269,ri1ovc,0.48
2270,rihr2f,0.97
2271,rjpqz3,0.98
2272,rjsba0,0.98
2273,rk40m0,0.57
2274,rk73i2,0.86
2275,rkfjx3,0.5
2276,rkm963,0.95
2277,rl40uk,0.98
2278,rl5vqb,0.53
2279,rlc2ai,0.97
2280,rm1z7t,0.52
2281,rm93qo,0.43
2282,rmsd3d,0.97
2283,rmto13,0.91
2284,ro7akg,0.82
2285,ro7vvp,0.97
2286,rod1cw,0.99
2287,rorzwd,0.93
2288,rp65ro,0.86
2289,rpdvdr,0.98
2290,rqc4p0,0.93
2291,rqdkj3,0.99
2292,rqqhaz,0.99
2293,rr5dbj,0.94
2294,rrc12w,0.67
2295,rs1iw9,0.85
2296,rsha0m,0.98
2297,rsojgy,0.96
2298,rsp2b8,0.97
2299,rsux7y,0.55
2300,rswpc0,0.55
2301,rsxo6i,0.98
2302,rt3q6y,0.99
2303,rt435d,0.91
2304,ru6hf5,0.55
2305,ruanv8,0.5
2306,ruawp5,0.96
2307,ruenlt,0.52
2308,rum5nv,0.48
2309,rv6irz,0.64
2310,rv7nzl,0.45
2311,rvadal,0.54
2312,rvclrn,0.82
2313,rvwa2l,0.9
2314,rwrg6d,0.75
2315,rxffjp,0.87
2316,rxkd6f,0.5
2317,rxlion,0.57
2318,ryxnes,0.95
2319,rz16lx,0.78
2320,rzowug,0.58
2321,rzx6t6,0.81
2322,s0eiu9,0.54
2323,s0gwpa,0.49
2324,s0t14q,0.77
2325,s0w0uj,0.59
2326,s1kb1x,0.83
2327,s25yhp,0.97
2328,s2u125,0.97
2329,s3kop3,0.97
2330,s4cij2,0.88
2331,s4gbw1,0.96
2332,s4hg89,0.5
2333,s4hp50,0.5
2334,s4kw3e,0.6
2335,s4m0kr,0.45
2336,s55zlb,0.56
2337,s5cvdd,0.98
2338,s64jro,0.54
2339,s6gdpr,0.25
2340,s6u3zg,0.67
2341,s753qx,0.44
2342,s7edf3,0.67
2343,s7ytf9,0.52
2344,s87m90,0.98
2345,s8n9nx,0.5
2346,s8p0z0,0.5
2347,s8phal,0.5
2348,s8qume,0.28
2349,s954cz,0.53
2350,s9akek,0.92
2351,s9ch57,0.67
2352,sbbtve,0.95
2353,sbm3jg,0.5
2354,sc7ipc,0.56
2355,scasr4,0.63
2356,scy3bm,0.42
2357,sd0182,0.84
2358,sd24zg,0.54
2359,sd9j5h,0.53
2360,sdss2k,0.98
2361,sejoe3,0.53
2362,sejzoq,0.94
2363,sellrt,0.8
2364,setexs,0.88
2365,sfpg8t,0.44
2366,sgd507,0.96
2367,sgz6pm,0.64
2368,shsfxv,0.52
2369,si5cc8,0.52
2370,siley5,0.5
2371,sjb52s,0.8
2372,sjx9wi,0.5
2373,sk65e9,0.8
2374,skesic,0.86
2375,skoseq,0.5
2376,sl20de,0.8
2377,sl3qco,0.99
2378,smjvkk,0.44
2379,smmhiw,0.79
2380,smy4q9,0.97
2381,so01t0,0.53
2382,so3pvl,0.63
2383,so8pqu,0.94
2384,spbmra,0.96
2385,sri5qf,0.9
2386,ss2mvz,0.44
2387,ssuwdu,0.81
2388,sswgul,0.9
2389,stmprq,0.91
2390,stunls,0.55
2391,sujdl1,0.55
2392,suknvi,0.93
2393,sv5buz,0.98
2394,svewx3,0.98
2395,svu5vb,0.89
2396,swbqrj,0.9
2397,swzima,0.91
2398,sx501p,0.63
2399,sxctml,0.96
2400,sxvwwf,0.88
2401,sy6525,0.5
2402,syjbbr,0.5
2403,symlzs,0.57
2404,sza98j,0.98
2405,szhmw1,0.8
2406,t05e0u,0.97
2407,t0klu7,0.8
2408,t14a13,0.53
2409,t1t1sr,0.53
2410,t2ghld,0.55
2411,t2qbey,0.82
2412,t36ga1,0.54
2413,t3h5t8,0.93
2414,t3hk8h,0.53
2415,t3j5bj,0.99
2416,t4q2n0,0.94
2417,t5ud3i,0.71
2418,t5usk5,0.92
2419,t65ylc,0.83
2420,t6f68w,0.5
2421,t74532,0.9
2422,t7u4ia,0.56
2423,t7uhxu,0.96
2424,t7yvdp,0.41
2425,t7zqvk,1.0
2426,t8p5zt,0.95
2427,t9e9hk,0.91
2428,tb1l24,0.96
2429,tbzo1h,0.56
2430,tce5mm,0.97
2431,tdavsx,1.0
2432,tdtre0,1.0
2433,tdxm9n,0.67
2434,te1mjs,0.52
2435,teknak,0.62
2436,terifj,1.0
2437,tf4nig,0.86
2438,tf93hj,0.98
2439,tfq64x,0.56
2440,tge796,0.82
2441,tgib0f,0.89
2442,tgy4qs,0.71
2443,ti8odf,0.55
2444,tjw80u,0.98
2445,tjwnth,0.59
2446,tkzh6m,1.0
2447,tl9qtp,0.5
2448,tlege5,0.98
2449,tm35nj,0.98
2450,toioig,0.54
2451,tojamx,0.59
2452,tpkkzl,0.94
2453,tq7znu,0.58
2454,tqt7b5,0.77
2455,tr4jdr,0.98
2456,ts0h22,0.97
2457,ts3jxm,0.92
2458,ts75zh,0.95
2459,tsyqx0,0.98
2460,ttirnu,0.5
2461,ttlzd3,0.92
2462,ttz82z,0.96
2463,tuih0z,1.0
2464,tv4tey,0.87
2465,tv6u91,0.96
2466,tvcn0p,0.99
2467,tvico2,0.56
2468,tw3l0f,0.98
2469,twj3oy,0.33
2470,twzt6f,0.67
2471,txdxtq,0.99
2472,txg9yk,1.0
2473,ty122k,0.92
2474,tyecix,1.0
2475,tzr2hp,0.97
2476,tzr6at,1.0
2477,u0181f,0.47
2478,u01nvy,0.57
2479,u0flks,0.75
2480,u13c17,0.96
2481,u1u1il,0.67
2482,u1xrss,0.53
2483,u23z1g,0.98
2484,u2fsuo,0.43
2485,u31iju,0.83
2486,u3gg0p,0.53
2487,u3mwzu,0.46
2488,u535f5,0.98
2489,u5jj0b,0.98
2490,u6eum0,0.86
2491,u6z1u2,0.96
2492,u72syr,0.98
2493,u7pjvh,0.88
2494,u8w3j1,1.0
2495,u9983m,1.0
2496,u99f0s,1.0
2497,ua7amw,0.47
2498,uawch3,0.93
2499,uc7lpf,0.63
2500,ucce3e,0.94
2501,uck6i4,0.83
2502,ucugxm,0.83
2503,ucvit8,0.98
2504,uddjpn,0.74
2505,ue0bh3,0.92
2506,uegj6e,0.98
2507,uemz8q,0.91
2508,uf3701,0.98
2509,ufamnz,1.0
2510,ufe6k8,0.54
2511,ug2gn9,0.99
2512,ugl1qf,0.99
2513,ugq29w,0.87
2514,ugskis,0.97
2515,uh119d,0.58
2516,uh8zof,0.88
2517,uhxyo6,0.83
2518,ui41p2,0.96
2519,ui7lr9,0.5
2520,uj02mz,0.8
2521,ujlrk2,0.89
2522,ukdhqv,0.35
2523,ukk1bf,0.98
2524,ulqkp3,1.0
2525,ultixc,0.98
2526,un6960,0.96
2527,unbcci,0.75
2528,undb2m,0.5
2529,uo5cen,0.93
2530,uookw5,0.96
2531,uoooa8,0.92
2532,uooy0c,0.86
2533,uovlb1,0.97
2534,upa7x6,0.98
2535,upae63,0.55
2536,upe5yk,0.5
2537,upfqio,0.9
2538,upjs3v,0.53
2539,upkm2s,0.5
2540,upz6y8,0.95
2541,upzlra,0.92
2542,uq0e7n,0.96
2543,uqae4t,0.86
2544,uqqcu8,0.98
2545,uqqnvg,0.98
2546,uqzfr8,0.57
2547,ur2ik5,0.75
2548,urfhj6,1.0
2549,urgcys,0.51
2550,urj5ca,0.96
2551,urlwne,0.8
2552,uruadm,0.97
2553,usc7fy,0.76
2554,usz6pg,0.64
2555,uttexv,0.54
2556,utui2i,0.98
2557,uurth4,0.95
2558,uuttf2,1.0
2559,uvzjbv,0.57
2560,uw05jo,0.56
2561,uw99u7,0.53
2562,uwax9x,0.92
2563,uwv243,0.42
2564,ux6p3g,0.5
2565,uxcu4v,0.75
2566,uxo62z,0.56
2567,uxufx0,0.66
2568,uyycd1,0.63
2569,uz5wd8,0.96
2570,uzo4vf,0.98
2571,v0gus5,1.0
2572,v0j3w5,0.9
2573,v0toxw,0.85
2574,v0yivu,0.89
2575,v1fjf8,0.95
2576,v1htsg,0.61
2577,v1znjj,0.99
2578,v2gfcu,0.52
2579,v4jv3u,0.95
2580,v4pbjb,0.88
2581,v4tu0e,0.58
2582,v5b621,0.97
2583,v5vima,0.44
2584,v66vv1,0.86
2585,v68x37,1.0
2586,v6rzhy,0.6
2587,v6zqgu,0.51
2588,v7lly8,0.93
2589,v7nyby,0.98
2590,v8hhyn,0.99
2591,v8nnno,0.54
2592,v8p0cd,0.91
2593,v95fg7,1.0
2594,v9gprg,0.94
2595,v9hdyd,0.53
2596,v9tgyg,0.4
2597,v9w6d9,0.84
2598,vapaok,0.99
2599,vask3f,0.43
2600,vb6f9o,0.8
2601,vb7bfx,0.93
2602,vb7gfd,0.5
2603,vbey4f,0.8
2604,vbtt4r,0.57
2605,vbzox6,0.78
2606,vcrplv,0.9
2607,vctbvy,0.67
2608,vdbdra,0.5
2609,vdi5tg,0.98
2610,ve7v1n,0.9
2611,ve87gn,0.89
2612,vee65b,0.97
2613,vfbyxe,0.57
2614,vfu8dt,0.5
2615,vfu8t4,0.67
2616,vghxxo,0.47
2617,vgweyq,0.8
2618,vhaec7,0.73
2619,vhcm5o,0.97
2620,vi4t4r,0.75
2621,vjqynj,0.67
2622,vksmxr,0.58
2623,vkz5c3,1.0
2624,vl2ld9,0.88
2625,vlutxq,0.97
2626,vm61jw,0.5
2627,vmgk9x,0.96
2628,vosx3r,0.99
2629,voubid,1.0
2630,vouphp,0.96
2631,vozysp,0.54
2632,vp5acf,1.0
2633,vp6l51,0.6
2634,vpcrjg,0.99
2635,vpsopt,0.97
2636,vptvks,1.0
2637,vpve3z,0.86
2638,vqc1nj,0.96
2639,vru9nw,1.0
2640,vshfrk,0.75
2641,vsr5xv,1.0
2642,vtelex,0.67
2643,vthkd2,1.0
2644,vtn0ab,0.97
2645,vugg0q,0.86
2646,vv9vtt,0.46
2647,vvbrq5,0.5
2648,vvkzzj,0.54
2649,vvo786,0.44
2650,vw0to6,0.92
2651,vweqq2,0.44
2652,vx2o5d,0.91
2653,vx5yyl,0.48
2654,vx6re7,0.86
2655,vxab4r,0.98
2656,vxfkpq,0.95
2657,vxt33f,0.5
2658,vy4b6d,0.98
2659,vy88qw,0.6
2660,vyo3c7,0.91
2661,vypqth,0.99
2662,vywd1u,0.92
2663,w0c20k,0.92
2664,w0yuoy,0.93
2665,w16tc7,0.87
2666,w1gc9q,0.83
2667,w1r4ab,0.97
2668,w2sens,0.89
2669,w3flt4,0.97
2670,w3gd3i,0.44
2671,w4a5ia,1.0
2672,w4d8vj,0.53
2673,w4k9h2,0.67
2674,w4y0zb,0.47
2675,w531je,0.5
2676,w589jt,0.98
2677,w5yqz2,0.53
2678,w5zoaf,0.86
2679,w6315t,0.91
2680,w6eqox,0.87
2681,w6qb3a,0.99
2682,w8afgg,0.5
2683,w8h9hx,0.9
2684,w9v629,0.96
2685,wa5a6g,0.43
2686,wa87q9,1.0
2687,waatrs,0.97
2688,watwuz,0.99
2689,waw4d8,1.0
2690,wb50b6,0.75
2691,wb68r3,0.54
2692,wbnn9s,1.0
2693,wbo1uh,1.0
2694,wbqmwl,1.0
2695,wbybxv,0.53
2696,wcipvi,0.93
2697,wcxqnn,0.73
2698,wda19n,0.96
2699,wdj2lh,0.67
2700,we33nz,0.9
2701,we85va,1.0
2702,we8oa6,0.48
2703,wf41b7,0.88
2704,wf57kz,0.78
2705,wfw43e,1.0
2706,wg01ju,0.88
2707,wgy75c,1.0
2708,whs9ci,0.96
2709,wi93of,0.97
2710,wimp6m,0.56
2711,wj6576,0.53
2712,wjn8oh,1.0
2713,wjyb1d,0.97
2714,wk0rmd,0.55
2715,wks3ds,0.98
2716,wl3ean,0.93
2717,wl3sf3,0.38
2718,wm2257,1.0
2719,wmex4k,1.0
2720,wmfoll,0.97
2721,wmfuo0,1.0
2722,wmk42t,0.95
2723,wmtchm,0.99
2724,wn8kqd,0.97
2725,wn8scf,0.75
2726,wne28j,0.56
2727,wnhkdd,0.97
2728,wnivv9,0.5
2729,wof3r3,0.52
2730,wopp9x,1.0
2731,wozsef,1.0
2732,wozxjd,1.0
2733,wp5gij,1.0
2734,wpmi9n,1.0
2735,wpp1q3,0.5
2736,wqfgoi,0.5
2737,wqvz56,0.96
2738,wsfjuk,0.5
2739,wsk29j,0.62
2740,wsm3aj,0.99
2741,wsw1fr,0.98
2742,wsw210,1.0
2743,wsz3ld,0.93
2744,wt4wt1,0.97
2745,wtbois,1.0
2746,wtt3g6,0.52
2747,wtxnzr,1.0
2748,wu44uq,0.6
2749,wuakxr,0.75
2750,wuo5df,0.87
2751,wuud6z,1.0
2752,wuwhor,0.99
2753,wvhb3g,0.5
2754,wvm7tk,0.99
2755,wweag9,0.89
2756,wwfhhe,0.94
2757,wxm9n4,1.0
2758,wxrc4a,0.5
2759,wxvzyp,0.98
2760,wy5lpo,0.92
2761,wyd435,1.0
2762,wzymwz,0.99
2763,x0if06,1.0
2764,x0inff,0.98
2765,x0o1oa,1.0
2766,x1b0e4,0.99
2767,x1eu4s,0.88
2768,x1hspu,0.98
2769,x2i4so,0.94
2770,x2ybfz,0.53
2771,x30ejv,0.97
2772,x3iw68,0.6
2773,x41hid,0.67
2774,x4a2dc,0.5
2775,x4o53f,1.0
2776,x4w6zp,0.97
2777,x57z5l,0.97
2778,x5iekz,0.97
2779,x5vnkg,0.65
2780,x6atlf,1.0
2781,x6i640,0.97
2782,x6qb2f,0.83
2783,x6tvw0,1.0
2784,x6z90z,0.89
2785,x7695o,1.0
2786,x76gcp,0.83
2787,x7a57s,0.75
2788,x7dyh0,0.97
2789,x7hn44,1.0
2790,x7ipnv,0.88
2791,x7kd45,0.75
2792,x7lhwa,0.67
2793,x8578q,0.4
2794,x88dx4,0.53
2795,x8bhtd,0.98
2796,x97sbl,0.83
2797,x9rjlp,0.96
2798,x9rupt,1.0
2799,x9u8ky,0.95
2800,x9w0qo,1.0
2801,x9w4q6,1.0
2802,xa51uf,0.81
2803,xal7g3,0.94
2804,xas72k,0.5
2805,xat49x,0.89
2806,xayryp,0.67
2807,xbdpxs,0.5
2808,xbk93y,0.75
2809,xbtanm,0.5
2810,xbvbb2,0.98
2811,xc8ov5,0.97
2812,xcc2mt,1.0
2813,xd6hlk,0.53
2814,xd7kq1,0.84
2815,xd7pza,1.0
2816,xdaay1,1.0
2817,xddwij,0.9
2818,xdvd8e,1.0
2819,xdw5cc,0.93
2820,xeumkk,0.98
2821,xezcg0,0.86
2822,xf16m3,0.48
2823,xfay46,1.0
2824,xff7bd,0.97
2825,xfn3an,0.44
2826,xfnk4k,0.5
2827,xfnsnx,0.82
2828,xfy4cz,0.67
2829,xg5z7c,1.0
2830,xghyzn,0.72
2831,xgpvj2,0.67
2832,xhfwml,0.41
2833,xhjunj,1.0
2834,xi5u4q,1.0
2835,xic04f,0.5
2836,xie5n1,0.7
2837,xihxca,0.84
2838,xii4xz,1.0
2839,xiiqvg,0.67
2840,xinpaf,0.95
2841,xj33wq,1.0
2842,xj4h4m,0.79
2843,xj783f,0.99
2844,xjd30q,0.95
2845,xjdjkt,0.67
2846,xjqjm6,0.48
2847,xjx9se,0.91
2848,xka3mz,1.0
2849,xkcats,0.99
2850,xl1fxi,1.0
2851,xl7iw3,0.96
2852,xl9jg8,1.0
2853,xllrl7,0.56
2854,xloxye,1.0
2855,xlqdsu,0.97
2856,xlr7k5,0.88
2857,xltqxo,0.5
2858,xlvnkg,0.98
2859,xm3eyc,0.48
2860,xmt3x2,0.5
2861,xnhzru,0.94
2862,xni4jb,0.42
2863,xocoqp,0.81
2864,xodmuk,0.96
2865,xogtxk,0.75
2866,xoidfy,0.8
2867,xojra2,0.97
2868,xolw52,0.67
2869,xolx01,0.96
2870,xoog2f,0.99
2871,xot6o6,0.67
2872,xpam02,1.0
2873,xpcj92,1.0
2874,xpg419,0.67
2875,xpkinr,0.94
2876,xpt2ma,1.0
2877,xq61oe,0.54
2878,xq6gy2,0.86
2879,xq8wkc,0.6
2880,xqbw7o,0.45
2881,xqow4w,0.99
2882,xr278f,0.97
2883,xr7quv,1.0
2884,xrtmp3,1.0
2885,xrxj7v,0.6
2886,xsqlgw,0.5
2887,xssl9w,0.92
2888,xt1yl6,0.85
2889,xtgvy7,0.46
2890,xtjwz3,0.99
2891,xtlnsp,0.96
2892,xtzzzs,0.5
2893,xuef7k,0.45
2894,xuevcf,0.93
2895,xuk5dv,1.0
2896,xum4q6,1.0
2897,xumkaw,1.0
2898,xumzp5,1.0
2899,xuo7mh,0.9
2900,xuogo6,0.63
2901,xuop1b,0.46
2902,xv55g2,0.52
2903,xv59gf,0.97
2904,xv5w8m,0.61
2905,xv7ss4,0.45
2906,xvl8dk,0.75
2907,xvmzv3,0.94
2908,xvq3tx,1.0
2909,xw2vlz,0.46
2910,xw35r8,1.0
2911,xw3eah,0.96
2912,xw7o4k,0.52
2913,xw8pqh,0.91
2914,xwb4qb,0.99
2915,xwho29,0.86
2916,xwvmu7,0.5
2917,xx1t2p,0.5
2918,xxcgqx,1.0
2919,xxpxbh,1.0
2920,xxwogq,0.95
2921,xxy1rh,0.55
2922,xy3viv,0.43
2923,xy78wh,0.99
2924,xyal3f,0.99
2925,xymrtg,0.48
2926,xypvlx,0.5
2927,xytz2t,0.5
2928,xyywzs,1.0
2929,xz0lik,0.99
2930,xzgvqm,0.96
2931,xzoo1l,1.0
2932,xzqn1l,0.47
2933,y06jqy,0.94
2934,y0f6hm,0.97
2935,y163hm,1.0
2936,y19pwk,0.81
2937,y213pv,0.97
2938,y2vj6y,0.72
2939,y2z9t0,0.76
2940,y2zxcd,0.71
2941,y33xmb,0.84
2942,y344yx,0.67
2943,y3c1p3,0.5
2944,y3ij5m,0.25
2945,y3shqm,0.93
2946,y3tntb,0.97
2947,y428ui,0.5
2948,y4ehcw,1.0
2949,y4iy6d,0.47
2950,y4oecv,0.9
2951,y4qf6a,0.55
2952,y4sa35,0.47
2953,y4ygjs,0.56
2954,y5a7uj,0.5
2955,y5ah9q,0.5
2956,y5iulv,1.0
2957,y5lhcj,0.8
2958,y62a34,0.54
2959,y63d74,0.94
2960,y66b7q,0.57
2961,y6i23q,0.4
2962,y74iyx,1.0
2963,y7fls7,0.87
2964,y7tpid,0.93
2965,y7v56x,0.45
2966,y7xg3j,1.0
2967,y7xnio,0.98
2968,y8bhxm,1.0
2969,y8mj00,0.56
2970,y8r7er,0.98
2971,y8st7t,0.94
2972,y93smb,0.67
2973,y9qmc9,0.84
2974,y9vlug,1.0
2975,ya02k3,0.53
2976,yadcju,0.98
2977,yaff6s,0.81
2978,yai2yc,0.93
2979,yaqmpa,0.45
2980,ybcpes,0.81
2981,yc5gup,1.0
2982,ycxq2b,0.8
2983,yd07cl,0.83
2984,yd20eq,0.72
2985,ydckmw,0.78
2986,ydrbmm,0.9
2987,ydtoze,0.67
2988,ydx5h0,0.44
2989,yetchm,0.83
2990,yggf8c,1.0
2991,ygggaw,0.89
2992,yhbfd9,0.5
2993,yhchp0,1.0
2994,yhe0ze,1.0
2995,yhe2qz,0.55
2996,yhhwkn,1.0
2997,yhlf2g,1.0
2998,yhmyct,0.75
2999,yie41v,0.97
3000,yikw2e,1.0
3001,yilbti,0.8
3002,yjezu7,0.43
3003,yk0l9c,0.95
3004,yked5j,0.56
3005,yksq3t,0.88
3006,ykv1kn,1.0
3007,ykvux5,0.6
3008,ym2mvj,0.92
3009,ymq45q,0.67
3010,yn5q30,0.96
3011,ynhpc2,0.89
3012,ynjncp,0.5
3013,ynlocj,0.75
3014,ynlokx,1.0
3015,ynpess,0.5
3016,ynr8v5,1.0
3017,yohage,0.97
3018,yojh7h,0.63
3019,yow81b,0.72
3020,ypc0rh,0.97
3021,ypgf02,0.91
3022,yphftl,1.0
3023,ypumxh,0.98
3024,yqoq6p,1.0
3025,yr61nd,0.67
3026,yr7ual,0.67
3027,yra910,0.98
3028,yrfey9,0.82
3029,yrfgpl,0.6
3030,yrkay3,0.82
3031,yrxqqx,0.5
3032,ys6fw1,0.64
3033,ys6xej,0.67
3034,ysd03v,1.0
3035,ysd84v,0.59
3036,ysdjzw,0.96
3037,yswijl,0.97
3038,yt56wl,0.49
3039,yte531,1.0
3040,yteptl,0.83
3041,ytgism,0.6
3042,yusyaj,0.38
3043,yux7i3,0.98
3044,yve1mw,0.47
3045,yvyhpj,0.97
3046,ywntfz,0.48
3047,ywqjje,0.6
3048,ywxexg,0.95
3049,yxkqpc,0.75
3050,yxkxlm,0.13
3051,yxqn8j,0.48
3052,yxw1c7,0.84
3053,yxym46,1.0
3054,yybgac,0.92
3055,yyeiwm,0.58
3056,yyfbkv,0.33
3057,yz1zqo,0.5
3058,yzhq8p,0.64
3059,yzo31k,0.75
3060,z011c4,0.99
3061,z01pf1,1.0
3062,z0bok5,0.76
3063,z0djgs,0.76
3064,z0xriq,0.79
3065,z10xgd,0.97
3066,z16638,0.95
3067,z1mic7,0.67
3068,z1rryd,0.99
3069,z2csrr,0.86
3070,z2ggmo,0.75
3071,z2kuvd,0.86
3072,z2vmwf,1.0
3073,z37w1k,0.83
3074,z3dz3d,0.88
3075,z3hggk,0.97
3076,z3hjlt,0.5
3077,z3pwsv,0.92
3078,z4bsdd,1.0
3079,z4er7j,1.0
3080,z4gyrb,0.6
3081,z4kmhz,0.8
3082,z4z498,0.5
3083,z54nev,0.73
3084,z5kpec,0.63
3085,z5vr4n,0.9
3086,z5xbjd,0.52
3087,z5zzy3,0.2
3088,z6n1p1,0.83
3089,z6pwvu,1.0
3090,z6rps1,0.4
3091,z6unh4,0.89
3092,z75sm6,0.81
3093,z797le,0.72
3094,z7f1f4,0.44
3095,z7hou7,0.98
3096,z7j7k2,1.0
3097,z7l2pj,0.98
3098,z7vzci,1.0
3099,z8gtb7,0.67
3100,z8oy3w,0.92
3101,z8pxkk,0.86
3102,z8rh33,1.0
3103,z9f867,0.44
3104,z9gf8e,1.0
3105,z9hf9z,0.8
3106,z9led1,0.38
3107,z9n3gd,0.96
3108,zac7xg,0.84
3109,zae7wz,0.99
3110,zahrvb,0.64
3111,zaunnh,0.67
3112,zbaoli,0.82
3113,zbdp9l,0.75
3114,zc4i10,0.5
3115,zc8hbg,0.75
3116,zd4wjz,1.0
3117,zdekhb,0.9
3118,ze5ojz,1.0
3119,zechpy,1.0
3120,zej2s1,1.0
3121,zers1o,1.0
3122,zevc4x,0.94
3123,zfdrre,0.33
3124,zfrxqg,0.97
3125,zfu37o,0.99
3126,zg4r6n,1.0
3127,zgkdbp,1.0
3128,zglv0d,0.62
3129,zgv089,0.86
3130,zh2c25,1.0
3131,zhpgx5,0.56
3132,zhpp7i,0.45
3133,zhv2u3,0.43
3134,zhzzll,1.0
3135,ziobzo,0.81
3136,zk7lmv,0.99
3137,zknsk0,0.98
3138,zkppod,1.0
3139,zkq44u,1.0
3140,zkrxfv,0.46
3141,zksek9,1.0
3142,zkt3d7,1.0
3143,zkye6s,0.71
3144,zl8jyk,1.0
3145,zlr4jp,1.0
3146,zlry3h,1.0
3147,zlv6q9,0.81
3148,zmjdmv,0.46
3149,zmlici,0.93
3150,zmn153,0.75
3151,zmpq0g,0.43
3152,znd61j,0.75
3153,znvtq4,0.91
3154,zo64mu,1.0
3155,zo6ts2,0.99
3156,zp6m0z,0.43
3157,zp9t3h,0.8
3158,zpj18n,1.0
3159,zpnqkr,0.83
3160,zpnx9y,0.9
3161,zpq4sv,0.47
3162,zpt5hj,0.95
3163,zpv8t2,0.98
3164,zpyzp7,1.0
3165,zqgm9m,0.67
3166,zqjdid,0.84
3167,zrg8d1,0.9
3168,zrltcw,1.0
3169,zsf49r,0.96
3170,zslm0t,0.89
3171,zt9g3x,0.43
3172,ztb14e,0.52
3173,ztewam,0.6
3174,zubb1e,0.33
3175,zuhm4b,0.52
3176,zuhqd4,0.97
3177,zuukjt,1.0
3178,zuy2il,0.5
3179,zvdu9c,0.53
3180,zvhgtf,0.5
3181,zvl1hk,0.73
3182,zvtcgn,0.95
3183,zw2bz8,0.83
3184,zwmd2n,0.19
3185,zx0kwb,0.77
3186,zx5uw5,0.5
3187,zxxy4j,0.98
3188,zy66nd,0.63
3189,zz9okv,0.4
3190,zzdygo,0.5
3191,zzhj1b,0.99
3192,zzkg2o,0.97
3193,zznqs8,1.0
3194,zzp9z6,0.93
3195,zzrzom,0.97
3196,zzxt1p,0.75
3197,zzyntj,0.96
3198,100fq2h,1.0
3199,100gzzf,0.89
3200,100iu7y,0.57
3201,100kve8,0.96
3202,101915b,0.89
3203,101fcdd,0.6
3204,101hedx,0.75
3205,101j8ar,0.83
3206,101kmdn,0.97
3207,10228wn,1.0
3208,1024equ,0.97
3209,10278na,0.91
3210,102drz7,0.95
3211,102itmk,0.88
3212,10324cx,1.0
3213,1033m2z,0.98
3214,10394k1,0.98
3215,103dbtx,0.63
3216,103x0xj,0.75
3217,103xgx5,0.86
3218,1041c3h,0.95
3219,1048p0j,0.91
3220,104aafl,1.0
3221,104qeqq,0.72
3222,1055hxu,0.5
3223,105ftgl,0.5
3224,105kok6,0.75
3225,105m8kk,0.97
3226,105marg,0.5
3227,106b8ie,0.56
3228,107ajey,0.97
3229,10875oa,1.0
3230,1089kq9,0.79
3231,108egg3,0.75
3232,109226z,1.0
3233,1092c29,0.97
3234,109wj3i,1.0
3235,10a2wz8,0.46
3236,10a6luc,0.5
3237,10afi43,0.97
3238,10anvij,0.69
3239,10aqwrk,0.98
3240,10au8h6,1.0
3241,10bg5a5,0.71
3242,10brluk,0.97
3243,10cgsf3,0.55
3244,10cij6s,0.46
3245,10clg20,0.92
3246,10cquig,1.0
3247,10d6qto,0.9
3248,10d8ebp,0.38
3249,10dxbid,0.9
3250,10f5xvg,0.75
3251,10g9lom,0.42
3252,10ghz7y,0.67
3253,10grvis,0.75
3254,10hn2hq,0.5
3255,10igshn,0.97
3256,10iqzzb,0.53
3257,10j9ecl,0.67
3258,10j9yk2,0.84
3259,10j9ykt,0.33
3260,10jb3vm,0.6
3261,10jfd2c,0.47
3262,10ji1um,0.75
3263,10jzsty,0.52
3264,10k0pl4,1.0
3265,10k248i,0.67
3266,10k7dko,1.0
3267,10kisox,0.88
3268,10kt3j9,0.67
3269,10kuprk,0.97
3270,10kwnuo,0.99
3271,10kxwt1,0.5
3272,10lsbff,0.67
3273,10ltzpj,1.0
3274,10m29wl,0.5
3275,10me50n,0.98
3276,10mj369,1.0
3277,10mk4r4,0.99
3278,10najyw,0.5
3279,10nd75l,0.81
3280,10nwqgp,1.0
3281,10o2luz,0.48
3282,10o3s43,0.83
3283,10ouby4,1.0
3284,10ov1kr,1.0
3285,10oyben,0.88
3286,10p6xeq,0.88
3287,10q63ta,0.5
3288,10qadjz,0.47
3289,10qnsjr,0.63
3290,10qoloa,0.55
3291,10qposh,0.53
3292,10qty7s,1.0
3293,10rkbf6,0.92
3294,10rl95r,1.0
3295,10rl99s,1.0
3296,10rmxr0,1.0
3297,10rn420,1.0
3298,10rq9eu,0.96
3299,10s6icz,1.0
3300,10sfh88,0.78
3301,10sgb1m,0.73
3302,10skx90,0.87
3303,10t6wdq,0.96
3304,10ta83a,0.67
3305,10taqu3,0.8
3306,10tdskv,0.94
3307,10uczhi,1.0
3308,10udo78,0.92
3309,10uk7tr,0.81
3310,10v08nz,1.0
3311,10v0y6g,0.88
3312,10v3uat,1.0
3313,10v4c8g,1.0
3314,10vdhpe,1.0
3315,10w1vaa,0.5
3316,10w4nfc,0.53
3317,10w5wiv,0.5
3318,10wbnwh,1.0
3319,10wqdup,0.57
3320,10wvura,0.82
3321,10wwl54,0.98
3322,10x42ka,0.83
3323,10x46ez,0.47
3324,10xmusm,0.58
3325,10xvipd,1.0
3326,10xvl7y,0.96
3327,10y6zdu,0.8
3328,10yh05q,0.5
3329,10ypjvc,0.84
3330,10yqvs9,0.57
3331,10zl84q,0.78
3332,10znqg9,0.55
3333,10zsfld,0.75
3334,10zz65o,0.57
3335,110e3td,0.5
3336,110k8oi,1.0
3337,110zg1v,0.5
3338,1111z9n,0.5
3339,1114e1f,0.88
3340,111a9ai,0.42
3341,111cgry,0.99
3342,111vqsx,0.72
3343,111xmue,0.88
3344,1121htn,0.8
3345,112s0pr,0.96
3346,112uw5d,1.0
3347,112xrag,0.56
3348,1132zsw,1.0
3349,1137ns9,0.86
3350,113mpyt,1.0
3351,113q9vn,1.0
3352,113rz0u,0.99
3353,113xbzt,0.5
3354,11421fo,1.0
3355,1149zdz,0.46
3356,114fez4,0.6
3357,114pq45,0.67
3358,1157xym,0.47
3359,115n0ay,0.5
3360,1169dzl,0.86
3361,116avn3,1.0
3362,116lbix,0.47
3363,116pg0s,0.71
3364,1170f5c,0.47
3365,1172vxz,0.67
3366,1178nsj,0.89
3367,117us6h,0.52
3368,117zwvt,0.77
3369,1183dlv,0.5
3370,1183prv,1.0
3371,118tigs,0.5
3372,1193jek,0.78
3373,119hs1p,0.48
3374,119n9at,1.0
3375,119qz5u,0.99
3376,119uhk9,0.86
3377,119z8dh,0.67
3378,11aembc,0.72
3379,11am62o,0.96
3380,11aoqwa,0.75
3381,11aovjr,0.69
3382,11avln5,0.75
3383,11bfbez,0.63
3384,11c9alk,1.0
3385,11c9lek,1.0
3386,11ckqha,0.8
3387,11cl53f,0.74
3388,11d5587,0.93
3389,11dhmow,0.5
3390,11dwgj6,1.0
3391,11eds50,0.44
3392,11ev8cg,1.0
3393,11ewlf4,0.98
3394,11ey9rn,0.88
3395,11f07sv,0.91
3396,11ff059,0.78
3397,11fgrlc,1.0
3398,11fisen,0.88
3399,11fw99k,0.99
3400,11g10w9,0.5
3401,11g17f6,0.52
3402,11g6zlh,0.4
3403,11gwc4t,0.71
3404,11h1aam,1.0
3405,11h6m77,0.67
3406,11hsy8t,0.98
3407,11hupmq,0.67
3408,11hur8r,0.84
3409,11isiup,0.71
3410,11j77dv,0.98
3411,11jvlsn,1.0
3412,11jzdrb,1.0
3413,11jzhpd,1.0
3414,11lj8tb,0.75
3415,11lnzs1,0.53
3416,11lo672,0.94
3417,11lx203,0.47
3418,11m0mhm,0.72
3419,11m15ob,0.6
3420,11mavyc,0.45
3421,11mm0u6,0.97
3422,11moyxj,0.57
3423,11mpet2,1.0
3424,11mpsa6,1.0
3425,11nmpsi,0.58
3426,11nmu0w,0.72
3427,11nwsj3,0.5
3428,11ob3ds,0.54
3429,11oe2dj,0.92
3430,11oe63p,0.47
3431,11p9qyw,0.97
3432,11pb7m7,0.96
3433,11purxp,0.86
3434,11q4o5k,0.5
3435,11q9kho,0.5
3436,11qymki,0.5
3437,11r1v7c,0.96
3438,11rnc1e,0.95
3439,11sl79a,0.67
3440,11spv9c,1.0
3441,11sr8sk,0.95
3442,11srind,0.79
3443,11ssgv1,0.56
3444,11suwo5,0.33
3445,11t1lrk,0.83
3446,11tpae4,0.97
3447,11tqdxm,0.57
3448,11uhc0c,0.6
3449,11ui7wi,0.74
3450,11ui9zg,0.93
3451,11uk1da,0.54
3452,11v5p7n,1.0
3453,11vhn7u,0.83
3454,11vuh9p,0.78
3455,11wcyep,0.67
3456,11wfzn1,0.5
3457,11whxwa,0.73
3458,11wngwd,0.97
3459,11x8fpp,1.0
3460,11x9nm8,0.6
3461,11xb3wg,0.53
3462,11xhdhm,0.99
3463,11xk2oc,1.0
3464,11xsab1,0.97
3465,11zdq4x,0.56
3466,1209n50,0.89
3467,120hc8w,0.91
3468,120ybq2,0.29
3469,121gjyz,0.65
3470,121i162,0.93
3471,121mkur,0.5
3472,122jk1o,0.89
3473,122jrpy,0.45
3474,123az46,0.97
3475,123pw4e,0.6
3476,123zanq,0.64
3477,124h6px,0.8
3478,124vmj3,0.56
3479,124zwjy,0.89
3480,1251pjh,0.96
3481,125f77q,0.75
3482,125ifis,1.0
3483,12629uu,0.83
3484,126g5xx,0.83
3485,126gkz7,0.98
3486,126iq9s,0.5
3487,126jf27,0.25
3488,126laa6,0.67
3489,126x5kv,0.72
3490,127e57h,0.87
3491,127hy8r,0.79
3492,127jy1r,0.9
3493,128dent,1.0
3494,128il36,0.98
3495,12937gn,1.0
3496,12a59lj,0.51
3497,12alquo,0.67
3498,12asq6a,0.98
3499,12byov3,0.98
3500,12cbpqa,0.97
3501,12cj5es,0.4
3502,12cml1n,0.67
3503,12d1w97,1.0
3504,12da3dv,0.77
3505,12dn9r6,0.95
3506,12ds5ui,0.5
3507,12ecinx,0.46
3508,12efzbj,0.95
3509,12eh8id,0.5
3510,12emjmd,0.83
3511,12fcosp,0.92
3512,12fidu9,0.98
3513,12fkbgk,1.0
3514,12fke25,1.0
3515,12fltzs,1.0
3516,12fq055,0.86
3517,12fw34f,0.77
3518,12fzzmk,0.67
3519,12gablj,1.0
3520,12gcv4o,1.0
3521,12gf9n3,1.0
3522,12gimk8,0.84
3523,12gn3rj,0.9
3524,12gr05r,0.67
3525,12gtjf3,0.53
3526,12h72pk,0.93
3527,12hcxj9,0.89
3528,12hxnxe,0.98
3529,12i8kvv,0.99
3530,12ihfo1,0.5
3531,12ihkec,0.98
3532,12je5zu,0.48
3533,12jfjq4,0.6
3534,12jfo87,0.67
3535,12jgj9l,0.4
3536,12jnsr1,1.0
3537,12k6hdm,0.77
3538,12k6uhs,0.88
3539,12kdj45,0.92
3540,12kf0gm,0.83
3541,12kkfee,0.75
3542,12kmhc0,0.95
3543,12kvfn3,0.5
3544,12kydee,0.94
3545,12kz4ly,0.81
3546,12lqbk7,0.78
3547,12lsykq,0.48
3548,12lwsae,1.0
3549,12mqexy,0.96
3550,12mv2qx,0.67
3551,12mvuxc,0.96
3552,12mzpcf,1.0
3553,12nzybn,0.55
3554,12ogw4d,0.67
3555,12p2hvx,0.5
3556,12p2ljf,0.4
3557,12pjjmz,0.5
3558,12pml94,0.86
3559,12pqx6m,1.0
3560,12qdok4,0.55
3561,12qf4hu,0.97
3562,12qg2eh,0.47
3563,12qh9vw,0.97
3564,12qopgu,0.81
3565,12rd72t,0.86
3566,12rhdal,0.67
3567,12rwnsr,0.98
3568,12rxy5q,0.67
3569,12s21q2,0.96
3570,12sbeqy,0.62
3571,12smv13,0.98
3572,12soev5,0.7
3573,12sufk9,0.8
3574,12syzix,0.5
3575,12taxof,0.48
3576,12tjmly,0.71
3577,12tjoc9,0.75
3578,12tz7zl,1.0
3579,12ugrvi,1.0
3580,12ux3vw,0.96
3581,12v4jme,1.0
3582,12vo242,0.92
3583,12vrht5,0.6
3584,12vwmde,0.95
3585,12w0dbz,0.6
3586,12w64z8,0.5
3587,12wlq60,0.48
3588,12wqoz3,0.81
3589,12wukpz,0.53
3590,12x4e5e,0.64
3591,12x59hq,1.0
3592,12x8ok6,1.0
3593,12xcwvf,0.79
3594,12xegno,0.67
3595,12xvgq4,1.0
3596,12y1wqz,0.9
3597,12y7yrn,0.5
3598,12ya6zo,1.0
3599,12ye9oi,0.84
3600,12yeneg,0.48
3601,12yfnsc,1.0
3602,12yglez,0.87
3603,12yjkh6,0.93
3604,12yjwlw,1.0
3605,12ylj7r,0.97
3606,12ytob0,1.0
3607,12zqfq7,0.97
3608,130cqo8,0.72
3609,130dgzy,0.95
3610,130geam,0.95
3611,1313xkq,0.83
3612,131il9d,0.54
3613,131ku0m,0.98
3614,131p0jh,0.92
3615,131r8as,0.78
3616,132q6k7,0.72
3617,132r0wu,0.38
3618,132tyyo,0.88
3619,133fv2a,0.5
3620,133ijj0,0.9
3621,133j7f4,0.97
3622,1344bkq,0.42
3623,134f8zz,0.95
3624,134iqju,0.79
3625,134nj0v,0.96
3626,135ah7j,0.98
3627,135g30v,0.45
3628,135j4g8,1.0
3629,135uw6q,1.0
3630,1364ck0,0.53
3631,136fesk,0.84
3632,136gwhn,0.96
3633,136h769,1.0
3634,136j2ui,0.86
3635,136m9fd,1.0
3636,136mfqj,1.0
3637,136oxtq,0.91
3638,136te66,0.75
3639,136u1rn,1.0
3640,137bc35,1.0
3641,137bumh,0.85
3642,137fdh0,1.0
3643,137hua9,0.55
3644,137m4qz,0.86
3645,137pqv9,0.5
3646,137uybb,0.48
3647,1387c88,1.0
3648,138awpa,0.92
3649,138dzks,1.0
3650,138gg0m,1.0
3651,138k7ez,0.5
3652,138n8r1,0.67
3653,138sjns,0.71
3654,138tb77,0.82
3655,138unpy,0.88
3656,138vgz7,0.98
3657,138xcmr,0.56
3658,1390rj3,0.54
3659,139bf5i,0.97
3660,139keoo,0.93
3661,139l4vx,0.75
3662,139n5xn,0.84
3663,139tz8c,0.93
3664,139xkit,1.0
3665,13a04fj,0.85
3666,13a72ew,0.55
3667,13afgnw,0.97
3668,13anbpp,1.0
3669,13anpgi,0.5
3670,13aommh,0.92
3671,13ap6sa,1.0
3672,13au9u9,0.97
3673,13b0io0,0.58
3674,13b3i66,0.5
3675,13beuzb,0.82
3676,13bgdyw,0.83
3677,13bkj5y,1.0
3678,13bv13r,0.88
3679,13bxp6t,1.0
3680,13byosh,1.0
3681,13c0zhn,0.94
3682,13cf5p8,0.46
3683,13chh2r,0.93
3684,13cknvp,0.9
3685,13cmcxd,0.96
3686,13co7b6,0.8
3687,13cotyt,0.82
3688,13cv6y5,0.9
3689,13d2bqi,1.0
3690,13d351d,0.86
3691,13d588k,0.8
3692,13dgoba,0.83
3693,13dgtwl,1.0
3694,13dhwh7,1.0
3695,13dljzb,0.6
3696,13dqjdx,0.72
3697,13dr1oa,0.9
3698,13dribr,0.78
3699,13dvkv5,0.86
3700,13dvzs1,0.95
3701,13e2hzf,1.0
3702,13ef3hu,0.5
3703,13elz5g,0.84
3704,13eof7v,0.81
3705,13erald,0.93
3706,13eyhhs,0.87
3707,13ff3g3,0.98
3708,13ffvou,0.97
3709,13finh6,1.0
3710,13frkux,0.99
3711,13fteux,0.94
3712,13g8qh8,0.94
3713,13ggk2t,1.0
3714,13gi585,0.97
3715,13gm5cy,0.47
3716,13gntji,0.96
3717,13gr0zq,1.0
3718,13h1rfj,0.84
3719,13h7rhb,0.92
3720,13h8uas,1.0
3721,13haiou,0.53
3722,13hdkie,0.63
3723,13heoci,1.0
3724,13hh6ed,0.55
3725,13hh7ub,0.85
3726,13hqas7,0.75
3727,13htea5,0.89
3728,13hx1wj,0.99
3729,13i0bv8,0.87
3730,13i27o3,0.85
3731,13i2fo0,1.0
3732,13i3caq,0.98
3733,13iih3i,0.67
3734,13ijkkr,0.93
3735,13iu7xr,0.33
3736,13j37so,0.92
3737,13j5e6v,1.0
3738,13jr76u,0.94
3739,13jtcof,0.5
3740,13jwrsy,1.0
3741,13k90qa,0.47
3742,13kv1yl,0.56
3743,13l6vpk,1.0
3744,13l7mxc,0.88
3745,13l7uxm,1.0
3746,13l8hl2,1.0
3747,13lbh95,1.0
3748,13ld1ye,0.91
3749,13lmfkp,1.0
3750,13lo81t,0.98
3751,13lp2wv,1.0
3752,13lrpau,1.0
3753,13m0rnn,0.86
3754,13m3g3d,0.93
3755,13m9sgo,0.33
3756,13mab4i,0.8
3757,13me6dw,0.47
3758,13mi8bu,0.89
3759,13mkrpf,0.91
3760,13mmuho,0.58
3761,13mo4yo,0.96
3762,13ms8kx,0.96
3763,13n29o2,0.97
3764,13nbvhl,0.46
3765,13necax,0.45
3766,13nfvzu,0.8
3767,13nn885,0.53
3768,13nnuvh,0.47
3769,13o2gsa,1.0
3770,13o7win,0.8
3771,13ojpgt,0.93
3772,13ok1z0,1.0
3773,13okw3m,0.84
3774,13oo7tf,0.56
3775,13p2r54,0.44
3776,13pj4mz,1.0
3777,13ps3im,0.75
3778,13q4r84,1.0
3779,13q8nco,0.92
3780,13qcuin,0.67
3781,13qkmd2,0.97
3782,13qkyzl,0.94
3783,13qmtpo,1.0
3784,13qs3kl,0.33
3785,13qtjgg,0.55
3786,13r7e1u,0.47
3787,13r8mf6,0.95
3788,13rd7bb,0.67
3789,13rhs6r,0.5
3790,13s4u2d,0.94
3791,13s4yn0,0.82
3792,13s7z09,1.0
3793,13sgbx1,0.82
3794,13shdxn,0.88
3795,13t05a9,0.47
3796,13t1tes,1.0
3797,13t5t9h,0.94
3798,13tac5v,0.95
3799,13tbapp,0.97
3800,13tbu5o,1.0
3801,13th5cs,1.0
3802,13tsf6w,0.61
3803,13tsklc,0.9
3804,13tv76j,1.0
3805,13ty0jk,0.75
3806,13u04na,0.92
3807,13u7cxx,1.0
3808,13u82mf,1.0
3809,13uiiro,0.97
3810,13uofti,0.94
3811,13up8hw,0.73
3812,13v3hz8,0.97
3813,13vkf6v,1.0
3814,13vl931,1.0
3815,13vnpkl,0.5
3816,13vrow2,0.88
3817,13vvg3t,1.0
3818,13w2qhk,0.96
3819,13wgya2,0.49
3820,13wjupo,0.98
3821,13wjxh7,0.97
3822,13wl3nl,0.56
3823,13wrz80,0.95
3824,13wwja0,1.0
3825,13wzl6h,1.0
3826,13x4hda,0.99
3827,13xc7mv,0.86
3828,13xcswo,0.95
3829,13xda7d,0.67
3830,13xfhge,0.33
3831,13y0l5y,0.96
3832,13y2rss,1.0
3833,13y88w1,0.67
3834,13yi4qn,0.82
3835,13z2fl4,1.0
3836,13z6s2q,0.67
3837,13z70ao,0.83
3838,13zmg3w,0.75
3839,1403sst,0.98
3840,1404sc0,1.0
3841,1404t6j,0.92
3842,1407xen,0.55
3843,1409h1c,0.92
3844,140hwyv,0.5
3845,140mi3a,0.8
3846,1412s0r,0.63
3847,1412ysl,0.67
3848,1415rfu,0.74
3849,141eavi,0.72
3850,141id6a,0.33
3851,141ob3x,0.94
3852,141r9pb,0.6
3853,141s65r,0.73
3854,141sr5p,0.25
3855,142aq88,0.95
3856,142kfis,1.0
3857,142mik0,1.0
3858,142xzcr,0.95
3859,1436ln1,0.5
3860,143rg6u,0.64
3861,144068n,0.97
3862,1443wwj,1.0
3863,1444tpt,0.95
3864,144hnnx,0.88
3865,14501y0,1.0
3866,1456git,0.72
3867,145trkv,0.86
3868,145uro4,0.5
3869,145xbfl,1.0
3870,14667js,0.98
3871,1467hu8,1.0
3872,146pa2u,1.0
3873,146u1mc,1.0
3874,1474m7b,0.6
3875,147booz,0.91
3876,147e3uf,0.81
3877,147egls,1.0
3878,147f31m,1.0
3879,147fdhe,0.92
3880,147fvp9,0.94
3881,147gfda,0.6
3882,147gsfl,0.75
3883,147h3l0,0.59
3884,147h69r,1.0
3885,147hee7,1.0
3886,147jvnx,0.81
3887,147jzp5,0.59
3888,147k2ul,1.0
3889,147l3mq,0.87
3890,147leub,1.0
3891,147pqu7,0.69
3892,147pz1s,0.85
3893,147qzeg,1.0
3894,147ruqp,0.97
3895,147sf36,0.85
3896,147t6nv,0.5
3897,147ti2n,1.0
3898,147txr2,1.0
3899,147uu11,1.0
3900,147vpx5,1.0
3901,147vq5y,1.0
3902,147vy6y,0.67
3903,147wt9x,1.0
3904,147x4lf,0.8
3905,147yt0o,1.0
3906,147yvty,0.74
3907,147z06k,1.0
3908,147z81v,0.5
3909,1487jc6,0.5
3910,1487mmb,1.0
3911,1488t8m,1.0
3912,1488vbe,0.84
3913,148a9md,0.5
3914,148anlj,1.0
3915,148b9th,0.98
3916,148bstq,1.0
3917,148bth1,0.98
3918,148c25g,1.0
3919,148c4gd,0.25
3920,148c97p,0.8
3921,148cgbh,0.33
3922,148dq1l,1.0
3923,148e11a,0.92
3924,148e55j,1.0
3925,148e8sb,1.0
3926,148ek7u,0.72
3927,148fbdg,0.66
3928,148fc6p,0.78
3929,148fsin,1.0
3930,148ftmr,0.5
3931,148i3c7,0.75
3932,148ipok,0.8
3933,148jmlh,0.15
3934,148jryo,0.33
3935,148lppy,0.4
3936,148o39g,0.5
3937,148ocj1,0.2
3938,148qcv0,0.29
3939,148tqrg,0.78
3940,148uofo,0.61
3941,148y32y,0.75
3942,148y99p,0.76
3943,148zyud,0.75
3944,1490x1m,0.59
3945,1490xnu,0.67
3946,1491quc,0.88
3947,1492i5o,0.5
3948,1493ta4,0.81
3949,1495r3n,0.7
3950,1498jdp,0.97
3951,149bdgu,0.88
3952,149ce6j,1.0
3953,149sizf,0.6
3954,149u2z6,0.97
3955,149vzjw,1.0
3956,149wrr0,1.0
3957,14a4l63,0.52
3958,14a7h6o,0.38
3959,14a9cbb,0.84
3960,14a9n7s,0.75
3961,14apw32,1.0
3962,14ar3mx,0.13
3963,14as4ce,0.88
3964,14ats2m,1.0
3965,14awhgz,1.0
3966,14awido,0.51
3967,14b4wnr,0.98
3968,14bbxv5,0.62
3969,14brx1q,0.95
3970,14brxo8,0.95
3971,14bwoad,1.0
3972,14bybpl,0.88
3973,14c0yfs,0.91
3974,14c1lu0,1.0
3975,14c1m3a,1.0
3976,14c7vg5,0.69
3977,14c7xjr,0.99
3978,14ca6m2,0.8
3979,14cclz0,0.89
3980,14cdjon,0.85
3981,14cer1g,0.93
3982,14cew5u,0.86
3983,14cf08g,0.94
3984,14cfpnt,1.0
3985,14cfztg,0.64
3986,14cgn1x,0.63
3987,14cguxo,0.67
3988,14cguxz,0.86
3989,14cieby,1.0
3990,14cihpr,0.7
3991,14cix4w,0.85
3992,14cj08d,0.72
3993,14cji36,0.92
3994,14ckerv,1.0
3995,14ckkfd,1.0
3996,14ckr2n,1.0
3997,14ckwzq,0.75
3998,14clej0,0.67
3999,14clfve,1.0
4000,14clki6,1.0
4001,14cmf93,0.87
4002,14cmj1z,1.0
4003,14cna6o,0.9
4004,14cnfwf,1.0
4005,14cnuif,1.0
4006,14co5iq,1.0
4007,14cowxr,1.0
4008,14cp3b6,1.0
4009,14cr57f,0.55
4010,14cs5p1,0.75
4011,14csdcb,0.96
4012,14csv18,0.75
4013,14cvses,1.0
4014,14cwers,1.0
4015,14cxevc,0.75
4016,14cxfwq,0.5
4017,14cxsx8,1.0
4018,14d0c29,0.72
4019,14d0k9l,0.94
4020,14d121y,0.94
4021,14d15k3,0.63
4022,14d17vs,0.9
4023,14d1xvp,0.78
4024,14d2rou,0.9
4025,14d2uk9,0.67
4026,14d3cl5,0.88
4027,14d3tv5,0.75
4028,14d41c3,1.0
4029,14d425l,0.85
4030,14d45ci,0.86
4031,14d472e,0.6
4032,14d4ctf,1.0
4033,14d4sv4,0.97
4034,14d58a4,1.0
4035,14d5ank,0.71
4036,14d5vlt,1.0
4037,14d5xvy,0.84
4038,14d61k4,0.75
4039,14d61tx,1.0
4040,14d64wu,0.75
4041,14d6wxx,0.87
4042,14d6x2j,0.91
4043,14d6xcm,0.97
4044,14d6zl1,0.95
4045,14d71xz,0.67
4046,14d736m,0.96
4047,14d7lci,0.95
4048,14d7pww,0.5
4049,14d7rlg,0.87
4050,14d892d,0.5
4051,14d8j1y,0.95
4052,14d8q6e,1.0
4053,14d8wwh,1.0
4054,14d9495,1.0
4055,14d9chn,1.0
4056,14d9ooj,0.64
4057,14da801,0.82
4058,14dady3,0.95
4059,14dafu8,0.8
4060,14daili,0.86
4061,14dar7l,0.91
4062,14daxe8,0.81
4063,14db02v,1.0
4064,14db0lq,0.75
4065,14dbh0t,1.0
4066,14dbm4n,1.0
4067,14dbmpm,0.96
4068,14dc25x,1.0
4069,14dc4h8,0.4
4070,14dd7kv,0.5
4071,14dddsg,0.2
4072,14dddxb,1.0
4073,14deemv,0.63
4074,14deki0,0.83
4075,14df6p6,0.84
4076,14dfaz4,1.0
4077,14dfnr1,1.0
4078,14dg0mw,0.84
4079,14dg9ed,0.75
4080,14dg9xm,0.81
4081,14dgexy,0.84
4082,14dgs2s,1.0
4083,14dgsnr,1.0
4084,14dgvbe,1.0
4085,14dh1f2,1.0
4086,14diu6f,0.45
4087,14diw94,0.91
4088,14dj7u6,0.72
4089,14djgot,1.0
4090,14djkvs,0.84
4091,14djlji,1.0
4092,14dk6mw,1.0
4093,14dk7u5,0.5
4094,14dkhhp,1.0
4095,14dlo7f,0.86
4096,14dmhua,1.0
4097,14dmo6u,0.67
4098,14dmzyq,0.94
4099,14dnkgm,1.0
4100,14dnrxg,1.0
4101,14do71t,0.29
4102,14doo9d,0.6
4103,14dot80,0.72
4104,14doviy,0.67
4105,14dp3ew,1.0
4106,14dp3z6,0.82
4107,14dpp4a,0.67
4108,14dqpgr,1.0
4109,14drf8g,0.99
4110,14dwftu,1.0
4111,14dxf40,0.92
4112,14dzzc8,1.0
4113,14e0aib,1.0
4114,14e0eiq,0.92
4115,14e0zhz,0.75
4116,14e17dy,0.72
4117,14e1l7l,1.0
4118,14e2nyc,0.4
4119,14e2pzr,0.8
4120,14e2xg2,0.67
4121,14e3dke,1.0
4122,14e3ufa,1.0
4123,14e3ytd,0.75
4124,14e45jv,1.0
4125,14e46c1,0.5
4126,14e4d9y,0.87
4127,14e4k0d,0.6
4128,14e5rjh,0.77
4129,14e5s50,0.64
4130,14e6ied,0.86
4131,14e6o3s,0.84
4132,14e706z,0.33
4133,14e70er,0.67
4134,14e7e79,0.78
4135,14e7jl4,0.5
4136,14e7xj4,0.17
4137,14e805p,0.95
4138,14e86r0,0.91
4139,14e8c7w,0.67
4140,14e8syy,0.67
4141,14e9djt,0.6
4142,14e9iw8,0.5
4143,14e9moc,0.99
4144,14e9wlm,0.25
4145,14eah2i,0.67
4146,14eapj9,0.4
4147,14eaqdj,0.56
4148,14eb67z,0.92
4149,14eblbr,0.33
4150,14ebw45,0.67
4151,14ecdta,0.9
4152,14edd37,0.63
4153,14ednig,0.59
4154,14edw8d,0.42
4155,14eeog3,0.5
4156,14eep0u,0.5
4157,14efver,0.63
4158,14efyxr,0.5
4159,14eg3vk,0.72
4160,14egh09,0.86
4161,14eiwhg,1.0
4162,14ej4t3,0.84
4163,14ejxzm,0.84
4164,14ekp7k,0.17
4165,14ekyaa,0.6
4166,14emljj,1.0
4167,14emtck,0.75
4168,14eq5ml,1.0
4169,14et0st,0.72
4170,14ewad8,0.22
4171,14ewb41,0.98
4172,14eycsc,0.75
4173,14eyw89,0.38
4174,14ezggq,0.92
4175,14ezttg,0.67
4176,14ezzu4,0.5
4177,14f036i,0.71
4178,14f09hb,0.67
4179,14f0kbj,0.98
4180,14f0s81,0.6
4181,14f0z8u,0.77
4182,14f27hg,0.25
4183,14f2amb,0.33
4184,14f2dxv,0.29
4185,14f2euj,1.0
4186,14f2h37,0.82
4187,14f2k9g,0.5
4188,14f2lnl,0.5
4189,14f2uti,0.89
4190,14f2x1e,0.5
4191,14f35tf,0.75
4192,14f37lq,0.5
4193,14f3hqw,0.95
4194,14f3m7o,0.93
4195,14f46ji,0.33
4196,14f49ta,1.0
4197,14f4k3r,1.0
4198,14f4ri3,0.67
4199,14f4uyi,0.5
4200,14f8d30,0.97
4201,10embj,0.42
4202,13ch705,1.0
4203,13cpma4,0.5
4204,13p1nlq,1.0
4205,14d7052,0.67
4206,14divtq,0.67
4207,1t2d3z,0.47
4208,1tmw6y,0.53
4209,21i8zk,0.52
4210,25ghaw,0.54
4211,25v028,0.47
4212,2b506y,0.47
4213,2efr4c,0.48
4214,2fr9zb,0.54
4215,2ntt13,0.54
4216,2ui6wu,0.54
4217,2vitm5,0.5
4218,2wbdai,0.44
4219,2xjrdp,0.5
4220,317xaa,0.54
4221,3wjxx4,0.53
4222,4cvdll,0.44
4223,4g0yk4,0.45
4224,5dxoux,0.5
4225,6caifg,0.48
4226,6qbusp,0.5
4227,6s6kno,0.52
4228,6su7l0,0.44
4229,7c2y0m,0.48
4230,7fmqtg,0.55
4231,7hmo7b,0.45
4232,7supx1,0.56
4233,8x5rc2,0.53
4234,90hyol,0.55
4235,90nk7q,0.53
4236,96mys6,0.46
4237,9dsges,0.54
4238,a2eydy,0.98
4239,a4zphg,0.99
4240,b08p05,0.5
4241,be95o5,0.99
4242,boyj2e,0.55
4243,cuz4yv,0.47
4244,hjj128,0.96
4245,l8ttxz,0.75
4246,neivda,0.44
4247,rint8p,1.0
4248,rxnqln,0.67
4249,uulb2y,1.0
4250,wbwik,0.56
4251,x9rwby,0.57
4252,ye87w0,0.96
4253,z1qtro,0.67
4254,zy0ue1,0.98
